customer_id,cc_num,first_name,last_name,gender,street,city,state,zip,lat,long,city_pop,job,dob,loyalty_tier,email_domain,signup_date
500000,6778344915060852,Susan,Lopez,F,7448 Elm St,Chicago,IL,59236.0,41.903926,-87.677341,678185,Mechanic,1962-02-24,Gold,gmail.com,2017-01-01
500001,2147042007234967,Linda,Smith,M,4988 Elm St,Dallas,TX,98276.0,32.728912,-96.814639,6037197,Pharmacist,1985-04-06,,hotmail.com,2024-03-26
500002,4117929191934402,Robert,Rodriguez,M,1948 Main St,Houston,TX,96533.0,29.759264,-95.342759,3521845,Teacher,1972-03-16,Silver,yahoo.com,2015-10-03
500003,5021180454958178,Karen,Johnson,M,824 Elm St,Los Angeles,CA,67535.0,34.07053,-118.24911,1970780,Sales Manager,2003-04-15,Bronze,yahoo.com,2020-08-25
500004,9254170437475895,Charles,Hernandez,F,3981 Maple Dr,Phoenix,AZ,28777.0,33.425763,-112.024288,5543263,Electrician,1971-01-04,Platinum,outlook.com,2018-02-01
500005,6329263919249727,Jennifer,Wilson,F,868 Maple Dr,New York,NY,94320.0,40.705418,-74.010861,5636629,Dentist,1999-12-12,,outlook.com,2022-10-23
500006,3701152817979416,Richard,Garcia,F,4048 Oak Ave,San Antonio,TX,49418.0,29.390462,-98.464119,7198577,Mechanic,1986-08-17,Platinum,gmail.com,2021-04-22
500007,5773742578915393,Robert,Gonzalez,M,4277 Oak Ave,San Antonio,TX,53288.0,29.443468,-98.521523,5429961,Software Engineer,1987-05-15,Platinum,outlook.com,2016-01-14
500008,2715705558071399,Mary,Rodriguez,F,9978 Main St,Dallas,TX,19539.0,32.734938,-96.77895,1583428,Sales Manager,2015-01-03,Platinum,yahoo.com,2024-10-01
500009,9620065089764075,James,Miller,M,2022 Elm St,Boston,MA,41797.0,42.375551,-71.081574,5840336,Sales Manager,1979-11-15,Platinum,yahoo.com,2021-03-11
500010,5199612067023944,Sarah,Lopez,F,4385 Maple Dr,Philadelphia,PA,77215.0,39.997686,-75.200094,7410563,Plumber,1975-05-25,Platinum,gmail.com,2024-01-02
500011,8563625363021224,David,Miller,F,5226 Elm St,Charlotte,NC,15992.0,35.220333,-80.798738,4723799,Electrician,1992-02-14,Silver,gmail.com,2017-12-04
500012,7485291435210214,Susan,Martinez,M,3314 Maple Dr,Dallas,TX,40149.0,32.768673,-96.783147,3191326,Electrician,2002-05-25,Platinum,icloud.com,2022-05-05
500013,7875741234932361,Jessica,Thomas,F,2856 Maple Dr,Columbus,OH,32185.0,39.950959,-83.021378,1179057,Plumber,1980-04-14,Silver,icloud.com,2022-03-13
500014,8557656527547519,John,Johnson,M,6856 Oak Ave,New York,NY,92667.0,40.761198,-74.015067,1946404,Software Engineer,1997-01-02,Silver,gmail.com,2017-06-14
500015,1544487491900605,Karen,Martin,F,8093 Main St,Dallas,TX,10866.0,32.81611,-96.824005,4469521,Pharmacist,1990-11-29,Bronze,gmail.com,2020-12-08
500016,9804350250328543,Elizabeth,Smith,F,3037 Main St,Charlotte,NC,22624.0,35.19841,-80.889987,4403863,Mechanic,1974-08-25,Silver,yahoo.com,2021-12-13
500017,4192521411912683,William,Gonzalez,M,6212 Elm St,Dallas,TX,70161.0,32.791867,-96.810147,4744581,,1972-08-24,Silver,outlook.com,2022-09-02
500018,9932211933526362,Mary,Williams,F,6313 Elm St,Seattle,WA,82443.0,47.642636,-122.334779,3998020,Nurse,1957-03-26,Bronze,yahoo.com,2015-12-05
500019,8065034993214488,David,Jackson,M,8753 Main St,San Diego,CA,40115.0,32.762519,-117.192547,1778494,Plumber,1988-12-05,Gold,gmail.com,2025-05-13
500020,3525376025927763,Sarah,Jackson,M,3038 Maple Dr,Los Angeles,CA,12052.0,34.089062,-118.21604,1742768,Mechanic,2011-05-28,Platinum,gmail.com,2018-05-10
500021,6104342030849524,Richard,Moore,F,6388 Oak Ave,Chicago,IL,20279.0,41.905192,-87.595322,4205954,Lawyer,2000-08-05,Bronze,gmail.com,2019-11-26
500022,6450873307207177,Karen,Martin,F,5447 Main St,Houston,TX,93115.0,29.786502,-95.357178,2297833,Architect,1956-10-26,Platinum,yahoo.com,2018-12-28
500023,2672977515910724,Charles,Gonzalez,M,4939 Oak Ave,Dallas,TX,19634.0,32.739824,-96.843747,693184,,1983-09-06,Silver,hotmail.com,2022-12-25
500024,7662220788183210,Richard,Hernandez,F,1845 Main St,Denver,CO,10680.0,39.781285,-104.978635,7915123,Financial Analyst,2006-11-14,Platinum,outlook.com,2023-07-16
500025,1786301706828457,Jennifer,Wilson,F,9225 Park Rd,Phoenix,AZ,77166.0,33.478054,-112.075848,3427922,Accountant,1959-03-04,Bronze,gmail.com,2018-12-20
500026,6386699006807084,David,Gonzalez,M,4881 Elm St,Dallas,TX,60829.0,32.738431,-96.834481,6541144,Software Engineer,1958-05-08,,yahoo.com,2021-05-31
500027,4429328170835568,Jennifer,Jones,F,5033 Maple Dr,Dallas,TX,74634.0,32.795257,-96.803969,1229190,Software Engineer,1965-03-19,Silver,hotmail.com,2018-02-04
500028,8049632550393170,John,Lopez,F,4140 Elm St,San Antonio,TX,87831.0,29.394152,-98.494441,5177992,Sales Manager,1976-11-22,Platinum,gmail.com,2016-07-08
500029,4564079606536232,David,Martin,F,5499 Elm St,Phoenix,AZ,53874.0,33.404821,-112.065803,3617270,Mechanic,1950-08-10,Gold,outlook.com,2021-10-06
500030,3829913058992617,Jennifer,Gonzalez,F,4875 Elm St,Charlotte,NC,85481.0,35.203999,-80.813344,6564676,Electrician,1968-01-08,Gold,hotmail.com,2018-02-22
500031,2025811556706456,Charles,Miller,M,9112 Main St,Seattle,WA,70505.0,47.587236,-122.336578,7915246,Sales Manager,1985-04-02,Platinum,outlook.com,2024-04-27
500032,8636197671680544,Susan,Thomas,M,5061 Oak Ave,Charlotte,NC,43119.0,35.178262,-80.885855,5530265,Mechanic,1956-03-16,Platinum,hotmail.com,2015-10-30
500033,6244389054947329,Richard,Moore,F,9007 Main St,San Diego,CA,57124.0,32.704949,-117.163106,5890734,Software Engineer,2003-08-24,Bronze,yahoo.com,2022-05-17
500034,6827657154767043,Karen,Johnson,F,5532 Elm St,Columbus,OH,23886.0,39.971202,-83.019634,93481,Accountant,1981-11-06,Gold,yahoo.com,2020-09-22
500035,6228845906569229,Charles,Davis,F,6229 Elm St,Charlotte,NC,70694.0,35.246598,-80.807088,6483876,Mechanic,1996-07-17,Gold,gmail.com,2020-05-31
500036,9291556410613142,John,Brown,M,5807 Maple Dr,Los Angeles,CA,54966.0,34.080185,-118.289738,3824606,Sales Manager,1976-07-03,,hotmail.com,2018-11-27
500037,7503145008768159,Joseph,Hernandez,M,5019 Main St,San Diego,CA,25084.0,32.713751,-117.200607,194457,Police Officer,1958-10-04,Bronze,yahoo.com,2025-06-05
500038,2571333181287733,Sarah,Garcia,F,9272 Elm St,Charlotte,NC,70562.0,35.201305,-80.794434,1949945,Dentist,1971-11-19,Silver,yahoo.com,2022-03-08
500039,1262939596874515,Karen,Miller,F,9802 Elm St,Columbus,OH,60965.0,39.92545,-82.998911,42329,Sales Manager,1988-10-08,Silver,outlook.com,2023-06-09
500040,1916501256016529,Sarah,Garcia,F,5440 Oak Ave,Charlotte,NC,69972.0,35.238916,-80.822854,960923,Graphic Designer,1955-08-13,Platinum,icloud.com,2025-10-31
500041,4500551234065547,Karen,Gonzalez,M,5800 Maple Dr,Columbus,OH,70012.0,39.967165,-83.047823,5183813,Chef,1978-02-12,Gold,icloud.com,2021-08-14
500042,3820926505379494,Patricia,Davis,F,2016 Oak Ave,Los Angeles,CA,58929.0,34.034846,-118.241929,5821967,Mechanic,2010-04-19,,hotmail.com,2019-09-10
500043,4456154061929765,Susan,Garcia,F,8904 Oak Ave,Austin,TX,82733.0,30.225987,-97.758037,1404769,Plumber,1962-05-15,Gold,yahoo.com,2017-02-05
500044,1482885833434908,Barbara,Smith,F,2336 Oak Ave,Philadelphia,PA,60324.0,39.90592,-75.207342,4715891,Plumber,1990-06-18,Platinum,hotmail.com,2019-08-30
500045,2506483352856926,John,Jackson,M,3713 Maple Dr,Charlotte,NC,14285.0,35.216792,-80.879828,2310633,Electrician,1989-10-27,,outlook.com,2016-11-19
500046,7688009538664425,Jessica,Moore,M,9483 Main St,Denver,CO,45112.0,39.745954,-104.971354,6507119,Lawyer,1991-01-11,,gmail.com,2023-07-10
500047,2968450282835683,Susan,Brown,M,4977 Main St,Charlotte,NC,68947.0,35.257159,-80.873085,2209653,Lawyer,1989-08-06,Bronze,hotmail.com,2024-09-14
500048,8302158269190999,Charles,Lopez,F,2819 Park Rd,Los Angeles,CA,28249.0,34.018948,-118.283243,6588793,Sales Manager,1971-04-05,Silver,gmail.com,2021-05-24
500049,6376016066621465,Sarah,Garcia,F,4894 Maple Dr,Philadelphia,PA,85069.0,39.966243,-75.144552,2247636,Accountant,1997-10-02,Silver,hotmail.com,2025-04-21
500050,6907791369131180,Robert,Jones,M,2496 Maple Dr,New York,NY,42447.0,40.665959,-73.962379,6392703,Dentist,1974-11-18,Platinum,yahoo.com,2021-06-23
500051,4731006426732373,Richard,Anderson,M,1625 Elm St,Columbus,OH,77582.0,39.916397,-82.99467,6294798,Graphic Designer,1974-02-09,Gold,hotmail.com,2025-08-28
500052,1022276199877104,John,Anderson,F,1137 Park Rd,San Diego,CA,62129.0,32.736606,-117.124003,1832289,Pharmacist,1979-05-13,Silver,hotmail.com,2018-01-04
500053,5929734848225078,Charles,Jones,F,5731 Main St,Philadelphia,PA,16021.0,39.974009,-75.135027,840293,Architect,1975-06-11,Bronze,gmail.com,2025-06-03
500054,5111947749924282,James,Wilson,M,2261 Maple Dr,Seattle,WA,30837.0,47.590145,-122.300617,7340194,Graphic Designer,1964-03-04,Bronze,outlook.com,2017-10-22
500055,9140709636685766,Jennifer,Johnson,F,5105 Oak Ave,Los Angeles,CA,66260.0,34.010211,-118.204218,5503608,Software Engineer,1983-05-12,Bronze,gmail.com,2017-05-24
500056,6347389472283910,Linda,Taylor,F,252 Main St,San Diego,CA,55032.0,32.720459,-117.12937,6859407,Accountant,1956-12-28,Platinum,yahoo.com,2020-05-10
500057,1804620818505462,Patricia,Brown,F,6122 Maple Dr,Los Angeles,CA,27973.0,34.047432,-118.229342,3215496,Mechanic,1970-07-17,Silver,gmail.com,2020-12-12
500058,6854863384502704,Jennifer,Anderson,F,3590 Oak Ave,Austin,TX,63963.0,30.26984,-97.719941,5173020,Architect,1950-10-05,Silver,gmail.com,2025-01-20
500059,2109303089973050,Charles,Gonzalez,F,7135 Maple Dr,Los Angeles,CA,28327.0,34.010363,-118.287665,2083582,Graphic Designer,1962-07-24,Bronze,yahoo.com,2021-03-16
500060,6472714850515602,Elizabeth,Smith,F,3466 Park Rd,Austin,TX,89551.0,30.24191,-97.777146,4279185,Sales Manager,2003-10-31,Platinum,outlook.com,2022-03-31
500061,4475747359487530,Patricia,Davis,F,9830 Main St,New York,NY,79243.0,40.749978,-74.034079,7460161,Teacher,1971-06-22,Gold,outlook.com,2016-06-24
500062,4291342620702319,Sarah,Garcia,F,1295 Main St,San Antonio,TX,86986.0,29.471687,-98.50991,571504,Teacher,2000-12-28,Gold,yahoo.com,2015-06-13
500063,8109295935893803,Richard,Taylor,F,8309 Elm St,Boston,MA,65518.0,42.328312,-71.02993,5892214,,1955-06-05,Bronze,icloud.com,2021-01-11
500064,1752973383213115,Elizabeth,Williams,M,2645 Park Rd,Austin,TX,52827.0,30.283071,-97.74328,3282693,Software Engineer,1963-09-13,Gold,hotmail.com,2023-03-09
500065,3202077226003613,John,Wilson,M,7528 Park Rd,Seattle,WA,89800.0,47.611736,-122.31018,466613,Financial Analyst,1971-05-30,Silver,gmail.com,2015-02-21
500066,1102236119464600,Jennifer,Thomas,F,8668 Park Rd,Charlotte,NC,43980.0,35.199945,-80.793467,1405586,Lawyer,1962-04-24,Silver,outlook.com,2023-03-22
500067,9105555788592280,James,Hernandez,F,4556 Park Rd,Boston,MA,18371.0,42.407579,-71.043867,2210781,Software Engineer,1960-08-04,Platinum,hotmail.com,2020-09-23
500068,8740426566398195,Charles,Garcia,F,2677 Maple Dr,Philadelphia,PA,23487.0,39.922554,-75.147177,7506667,Accountant,1954-12-22,Silver,icloud.com,2015-01-11
500069,1414164746693766,Jessica,Lopez,F,2558 Oak Ave,New York,NY,14635.0,40.67002,-74.052935,4642765,Pharmacist,1951-02-07,Silver,outlook.com,2017-10-13
500070,3443275124819172,John,Jackson,F,2056 Park Rd,San Antonio,TX,98254.0,29.399868,-98.497338,7571029,Nurse,2014-08-15,Silver,yahoo.com,2024-01-08
500071,4611212600216648,John,Anderson,F,5190 Maple Dr,Dallas,TX,21322.0,32.813527,-96.774283,4644666,,1954-02-13,Bronze,outlook.com,2017-04-01
500072,3737375005734679,Karen,Davis,F,6133 Park Rd,Phoenix,AZ,74665.0,33.472671,-112.081451,6486149,Sales Manager,2000-07-31,,yahoo.com,2016-09-08
500073,3098654267505557,Sarah,Lopez,M,5588 Main St,New York,NY,96154.0,40.697393,-74.018896,3161422,Financial Analyst,1986-10-15,Bronze,yahoo.com,2020-12-10
500074,9657586735127231,Mary,Jones,F,1624 Main St,Houston,TX,40339.0,29.809165,-95.415789,7531992,Pharmacist,1987-08-31,Gold,hotmail.com,2025-12-05
500075,1860881444233810,Thomas,Jones,F,1326 Park Rd,Charlotte,NC,84425.0,35.263803,-80.835232,527466,Pharmacist,1957-08-14,Silver,yahoo.com,2018-04-09
500076,8213118083110359,Richard,Hernandez,F,7517 Maple Dr,Phoenix,AZ,40619.0,33.442262,-112.051474,631523,Sales Manager,1978-04-06,Silver,icloud.com,2016-03-22
500077,5049334527359638,Joseph,Hernandez,F,2078 Park Rd,Chicago,IL,56961.0,41.876767,-87.592458,6467053,Sales Manager,1959-06-25,Platinum,outlook.com,2020-03-12
500078,2419671763276487,Elizabeth,Martin,M,3622 Maple Dr,Phoenix,AZ,29441.0,33.48847,-112.081828,770149,Electrician,1960-10-04,Gold,hotmail.com,2020-10-04
500079,3343374094914362,Jennifer,Smith,F,7508 Park Rd,New York,NY,82105.0,40.690483,-73.996765,2100915,Accountant,2010-10-02,Platinum,gmail.com,2024-01-06
500080,1107696826584979,Mary,Davis,M,3346 Elm St,Denver,CO,58790.0,39.780436,-105.019234,5761978,Software Engineer,1962-07-17,,icloud.com,2017-11-26
500081,9981631408058959,John,Miller,F,2210 Main St,Boston,MA,53456.0,42.372397,-71.045744,1032836,Nurse,1956-09-23,Platinum,gmail.com,2016-11-19
500082,8401085209892359,Richard,Thomas,M,6370 Elm St,Boston,MA,32650.0,42.383411,-71.095743,2974091,Sales Manager,2001-06-27,Silver,outlook.com,2018-02-20
500083,6531376860186913,Karen,Martin,M,4935 Elm St,San Diego,CA,64000.0,32.737282,-117.120197,7410283,Plumber,1963-05-03,Bronze,gmail.com,2018-02-19
500084,2796556555745596,Thomas,Davis,M,6366 Maple Dr,San Antonio,TX,72873.0,29.392068,-98.519846,4572746,Plumber,1962-04-24,Gold,icloud.com,2020-08-19
500085,2619637623801342,James,Hernandez,M,580 Maple Dr,Philadelphia,PA,17679.0,39.99974,-75.197102,6788480,Plumber,1984-11-04,,outlook.com,2023-08-07
500086,2437774550318741,Patricia,Davis,M,4466 Park Rd,Austin,TX,17328.0,30.302639,-97.743872,6414313,Electrician,1970-11-19,,hotmail.com,2018-12-24
500087,3130661017446900,Charles,Hernandez,F,9792 Main St,Boston,MA,56095.0,42.334823,-71.021825,7953698,Mechanic,1965-08-02,,yahoo.com,2024-05-20
500088,3783703776931219,Jennifer,Thomas,M,1578 Main St,Denver,CO,40490.0,39.733731,-104.988818,5052113,Electrician,1994-02-28,Bronze,icloud.com,2020-05-11
500089,6531634056773264,Michael,Jones,F,3007 Maple Dr,New York,NY,17806.0,40.698723,-73.996705,188818,Mechanic,1979-10-06,,yahoo.com,2023-09-07
500090,4286637225498011,John,Lopez,F,9701 Main St,Los Angeles,CA,54113.0,34.018552,-118.254592,2536389,Police Officer,1997-03-20,Silver,yahoo.com,2023-03-19
500091,5388309651288962,David,Garcia,F,3757 Park Rd,San Antonio,TX,32983.0,29.471041,-98.517787,3179115,Financial Analyst,2007-05-09,Gold,yahoo.com,2016-12-28
500092,7323132237596400,Charles,Gonzalez,M,3083 Park Rd,Charlotte,NC,51709.0,35.242774,-80.860581,7731228,Electrician,1950-02-28,,gmail.com,2025-07-03
500093,7713456212800571,John,Davis,F,5334 Oak Ave,San Diego,CA,93386.0,32.743047,-117.198013,7431604,Software Engineer,1962-08-14,Gold,hotmail.com,2015-02-16
500094,7243573555128563,John,Lopez,F,1870 Main St,Phoenix,AZ,16310.0,33.495382,-112.078621,3242475,Architect,1968-10-23,Platinum,yahoo.com,2024-12-02
500095,4411139828103373,Barbara,Moore,F,1761 Elm St,San Antonio,TX,85766.0,29.397705,-98.53625,5465728,Electrician,1994-03-28,Silver,hotmail.com,2015-10-29
500096,1180845159588227,David,Rodriguez,M,1315 Maple Dr,Denver,CO,32296.0,39.706176,-104.988323,7453507,Dentist,1952-12-30,Silver,gmail.com,2021-02-18
500097,6350551449759200,Karen,Thomas,M,7166 Oak Ave,Boston,MA,89602.0,42.3438,-71.026012,7468791,Pharmacist,1958-05-09,Silver,gmail.com,2016-02-19
500098,2711226529918145,Susan,Moore,F,4712 Maple Dr,Philadelphia,PA,41135.0,39.945689,-75.190329,809601,Nurse,1968-06-10,Platinum,icloud.com,2021-03-01
500099,1490932601465734,Barbara,Smith,F,1535 Maple Dr,Seattle,WA,96772.0,47.617914,-122.311422,5248642,Plumber,1994-01-17,Silver,gmail.com,2015-04-16
500100,3628402467075713,John,Thomas,M,5152 Elm St,Houston,TX,71727.0,29.727104,-95.403038,4107841,Graphic Designer,1965-04-29,Bronze,icloud.com,2019-05-07
500101,4435754301662761,Barbara,Garcia,F,831 Maple Dr,Chicago,IL,67637.0,41.831767,-87.60616,3906188,Graphic Designer,1983-04-15,Silver,outlook.com,2021-04-30
500102,7273253938199412,Patricia,Williams,F,8971 Elm St,New York,NY,87296.0,40.72918,-74.008537,1913515,Nurse,1963-07-24,Platinum,icloud.com,2019-09-11
500103,9433996642698251,Jessica,Jackson,M,7903 Maple Dr,Dallas,TX,20348.0,32.811117,-96.766433,3316859,Nurse,2011-08-22,,icloud.com,2025-02-05
500104,9851870377504005,Karen,Jones,M,7457 Oak Ave,Dallas,TX,31910.0,32.785235,-96.760173,1782463,Sales Manager,2001-04-09,Silver,gmail.com,2019-10-01
500105,2818727246327434,Robert,Martin,F,5338 Main St,Los Angeles,CA,21406.0,34.022784,-118.282508,3260611,Dentist,2011-04-15,,outlook.com,2024-08-09
500106,9261058029013497,James,Martin,F,1943 Elm St,Phoenix,AZ,29613.0,33.425375,-112.118291,1248189,Accountant,1996-08-16,Bronze,icloud.com,2023-09-29
500107,5824557669243889,Barbara,Wilson,F,6375 Elm St,Los Angeles,CA,84976.0,34.055317,-118.200039,5113344,Plumber,1975-09-01,Bronze,yahoo.com,2018-02-02
500108,6482279300580702,Richard,Johnson,F,5531 Oak Ave,San Antonio,TX,16460.0,29.378034,-98.531389,6260802,Plumber,1962-11-27,Gold,outlook.com,2015-03-24
500109,3525137162887064,Jessica,Brown,M,2301 Maple Dr,Philadelphia,PA,68079.0,39.94782,-75.121812,6498041,Police Officer,1977-03-10,Gold,hotmail.com,2021-10-13
500110,4978626581958067,Michael,Wilson,F,8562 Maple Dr,Columbus,OH,17367.0,39.942816,-82.998077,4327395,Chef,1958-01-04,Bronze,outlook.com,2022-12-16
500111,8030265045709388,Thomas,Jackson,M,2946 Oak Ave,Dallas,TX,36309.0,32.730857,-96.832166,7026069,Nurse,1986-03-11,Silver,gmail.com,2020-02-13
500112,2793422455399400,William,Lopez,F,8375 Elm St,New York,NY,93284.0,40.761463,-73.959488,7748302,Accountant,1982-05-01,Bronze,yahoo.com,2019-03-06
500113,2599529341408687,Jessica,Jackson,F,5740 Oak Ave,San Diego,CA,43903.0,32.666194,-117.115919,6287741,,2003-04-18,Gold,gmail.com,2019-05-03
500114,6154445458671808,Michael,Davis,M,3487 Maple Dr,New York,NY,95404.0,40.726712,-73.969208,3440195,Teacher,1964-08-13,Bronze,hotmail.com,2025-03-22
500115,6414605884416205,James,Davis,F,5104 Maple Dr,Chicago,IL,65549.0,41.873574,-87.62824,7516855,Dentist,2008-01-30,Gold,hotmail.com,2017-10-29
500116,7099640837038443,Thomas,Martin,F,9676 Main St,Houston,TX,10963.0,29.759285,-95.353114,4295888,Lawyer,1991-11-14,,icloud.com,2021-10-30
500117,1973719270175499,Jessica,Williams,F,4629 Maple Dr,Phoenix,AZ,46291.0,33.412365,-112.121003,2195659,,1976-10-11,Silver,yahoo.com,2020-10-19
500118,1511384145224673,Karen,Gonzalez,F,2392 Main St,Denver,CO,95904.0,39.719993,-104.969832,4177265,Financial Analyst,1971-07-24,Gold,hotmail.com,2019-07-16
500119,6251409419872915,Charles,Miller,F,3743 Park Rd,San Antonio,TX,93665.0,29.394285,-98.476257,6589193,Plumber,2016-02-05,Gold,icloud.com,2018-05-14
500120,6923266022873342,Sarah,Garcia,F,1699 Elm St,Seattle,WA,26769.0,47.653191,-122.37271,6220278,Graphic Designer,1965-04-02,,yahoo.com,2025-08-14
500121,1804342811133808,Linda,Lopez,M,5131 Elm St,Columbus,OH,53426.0,39.97846,-83.004425,3122898,Graphic Designer,1980-02-11,,outlook.com,2020-03-14
500122,1483477899515321,Charles,Jackson,M,7836 Oak Ave,Seattle,WA,75598.0,47.643014,-122.364385,1010088,Dentist,1960-07-26,,outlook.com,2019-08-20
500123,9938274209554050,Michael,Hernandez,F,9429 Elm St,New York,NY,28772.0,40.732063,-73.972188,2659016,Chef,1963-07-12,Bronze,hotmail.com,2018-09-24
500124,6715056628852616,Mary,Smith,F,4581 Oak Ave,Columbus,OH,32099.0,40.005661,-82.980475,4839177,Chef,1965-11-12,Platinum,gmail.com,2016-06-14
500125,4867779684646223,Richard,Wilson,F,6380 Main St,Austin,TX,14944.0,30.266917,-97.731315,4482693,Sales Manager,1988-11-28,Gold,gmail.com,2025-01-01
500126,5783128267618632,Michael,Smith,M,4176 Oak Ave,Philadelphia,PA,55134.0,39.98949,-75.158139,2623019,Mechanic,2017-11-25,Bronze,hotmail.com,2020-08-23
500127,1588050459645386,Mary,Martinez,F,7569 Park Rd,Austin,TX,88167.0,30.220239,-97.700005,4401617,Police Officer,1977-06-18,Platinum,yahoo.com,2018-11-04
500128,7756440366112161,Michael,Garcia,F,413 Oak Ave,Boston,MA,39402.0,42.379053,-71.041249,6104934,Mechanic,1993-12-23,Silver,gmail.com,2021-08-12
500129,4301958501239602,Mary,Gonzalez,F,8861 Park Rd,Dallas,TX,16368.0,32.748268,-96.781111,4987196,Nurse,1965-02-28,Bronze,gmail.com,2015-07-17
500130,5002026546646454,Richard,Brown,F,7872 Oak Ave,Charlotte,NC,36934.0,35.216486,-80.827977,5836693,Teacher,1960-05-22,Gold,hotmail.com,2022-06-03
500131,3431739703262324,Karen,Martin,M,6962 Main St,Los Angeles,CA,77054.0,34.012859,-118.227915,6034448,Accountant,2009-06-08,Gold,gmail.com,2023-10-20
500132,6485399939645936,Michael,Rodriguez,M,5964 Elm St,Los Angeles,CA,48712.0,34.102141,-118.288879,1350311,Nurse,1994-08-27,,hotmail.com,2025-03-17
500133,5329438416288942,David,Davis,M,308 Main St,Houston,TX,24474.0,29.808117,-95.379109,7011435,Plumber,2011-09-29,Silver,gmail.com,2023-09-28
500134,7517396936029964,Patricia,Rodriguez,M,7583 Maple Dr,Dallas,TX,44619.0,32.813775,-96.768761,3899640,Nurse,1956-09-25,Bronze,yahoo.com,2024-10-20
500135,8220133629462329,David,Wilson,M,1656 Main St,New York,NY,11267.0,40.719502,-73.982155,7152083,Mechanic,1976-01-26,Silver,outlook.com,2019-01-04
500136,6600740240308510,William,Williams,F,5715 Oak Ave,Boston,MA,24920.0,42.397952,-71.068486,3366965,Dentist,1989-04-09,Platinum,outlook.com,2024-05-16
500137,5307649693064409,Susan,Garcia,M,2271 Main St,San Antonio,TX,30892.0,29.406803,-98.476841,875008,Pharmacist,2011-11-23,,hotmail.com,2023-12-31
500138,2632647800123412,Karen,Gonzalez,F,572 Oak Ave,Austin,TX,73318.0,30.297985,-97.716871,7725857,Plumber,2010-11-11,Bronze,hotmail.com,2019-12-11
500139,6899478007091090,David,Smith,M,5642 Park Rd,New York,NY,78564.0,40.742581,-74.012442,5778389,Accountant,1955-09-07,Platinum,yahoo.com,2020-05-27
500140,6777257903797452,Richard,Jones,M,290 Oak Ave,Philadelphia,PA,76265.0,39.984383,-75.203179,7125632,Plumber,2009-07-18,Platinum,yahoo.com,2015-11-03
500141,3169758725508824,David,Rodriguez,M,8405 Oak Ave,Denver,CO,82154.0,39.743649,-105.039724,5401536,Dentist,1994-02-09,Platinum,yahoo.com,2015-11-19
500142,6161441734653347,Joseph,Williams,F,7424 Maple Dr,San Diego,CA,25559.0,32.698159,-117.174454,4177270,Teacher,1989-11-07,Bronze,hotmail.com,2019-08-16
500143,1001527071751443,John,Martin,F,8428 Park Rd,New York,NY,37112.0,40.702417,-73.986453,5496149,Architect,1999-12-26,Gold,outlook.com,2024-04-03
500144,5093412402081808,David,Moore,F,6052 Elm St,New York,NY,24945.0,40.701656,-74.011131,822360,Electrician,1969-12-31,Bronze,outlook.com,2018-12-25
500145,8204974990008380,Elizabeth,Moore,F,1841 Main St,Seattle,WA,31516.0,47.579954,-122.344775,4135736,Mechanic,2006-11-06,Platinum,gmail.com,2017-11-07
500146,2087581014120497,Richard,Miller,F,3222 Maple Dr,Austin,TX,24125.0,30.239927,-97.78578,6356429,Pharmacist,1967-07-30,Bronze,icloud.com,2016-05-19
500147,6930849289068345,Charles,Taylor,M,8272 Main St,Denver,CO,79515.0,39.749545,-104.973479,6180810,Nurse,1990-06-02,,hotmail.com,2024-05-28
500148,5578658151010772,Jennifer,Jackson,M,2203 Main St,Austin,TX,60778.0,30.279149,-97.746751,5520692,Police Officer,1993-04-29,,hotmail.com,2019-09-11
500149,3235937478868042,William,Gonzalez,F,4919 Elm St,Austin,TX,27481.0,30.255179,-97.706767,1164137,Pharmacist,2012-02-17,,icloud.com,2018-05-09
500150,8752564350976794,David,Moore,M,3391 Oak Ave,Seattle,WA,91810.0,47.608108,-122.334182,5997691,Financial Analyst,2012-12-07,Gold,yahoo.com,2022-12-19
500151,5886330622290185,David,Brown,F,9312 Elm St,Columbus,OH,86389.0,39.913764,-83.014675,4791860,Pharmacist,1965-12-14,,outlook.com,2024-11-03
500152,1115026990796796,Thomas,Brown,M,6340 Oak Ave,Seattle,WA,16955.0,47.59422,-122.342218,5627499,Nurse,1987-11-23,Silver,outlook.com,2023-05-31
500153,3581605986649982,William,Jones,M,4935 Oak Ave,Denver,CO,80932.0,39.747217,-104.98694,276005,Lawyer,1964-06-09,Platinum,gmail.com,2021-11-28
500154,6061012249075992,Linda,Moore,F,3992 Park Rd,Seattle,WA,47701.0,47.616991,-122.305612,5817769,Nurse,2010-08-09,Platinum,hotmail.com,2019-09-03
500155,9699453305919310,Sarah,Johnson,M,4217 Oak Ave,Denver,CO,91338.0,39.770499,-104.968488,7293441,Architect,2011-06-20,Silver,outlook.com,2023-06-20
500156,6434829018173346,Michael,Miller,F,7453 Oak Ave,Austin,TX,99477.0,30.312752,-97.791277,629691,Chef,1999-01-15,Silver,icloud.com,2016-05-03
500157,3514017997467680,Sarah,Rodriguez,M,2736 Park Rd,San Antonio,TX,43425.0,29.393678,-98.542844,52354,Police Officer,1953-08-24,Platinum,yahoo.com,2015-06-13
500158,1458065120667221,Karen,Martinez,F,9482 Park Rd,Chicago,IL,56934.0,41.892847,-87.589997,616368,Police Officer,1978-12-11,,yahoo.com,2025-09-24
500159,8081984752091991,Thomas,Garcia,F,8997 Park Rd,Chicago,IL,62876.0,41.852448,-87.587097,776295,Lawyer,1996-09-15,Silver,yahoo.com,2022-06-10
500160,3644284064743195,Michael,Martin,F,9296 Main St,Philadelphia,PA,25036.0,39.908627,-75.121756,5616462,Lawyer,1979-09-14,Platinum,yahoo.com,2025-02-21
500161,6594658409928978,Linda,Johnson,F,6348 Main St,Columbus,OH,60577.0,39.946362,-83.038658,2157437,Financial Analyst,2005-01-21,Bronze,icloud.com,2024-03-21
500162,8231129407570485,Thomas,Anderson,F,818 Maple Dr,Denver,CO,95397.0,39.737787,-105.014622,1619910,Police Officer,1983-08-22,,gmail.com,2025-08-19
500163,9613372106680748,Sarah,Moore,M,1172 Oak Ave,Los Angeles,CA,97862.0,34.030687,-118.262971,5285750,Sales Manager,1965-01-07,Platinum,gmail.com,2017-04-22
500164,9793043074178698,Susan,Williams,M,489 Elm St,Dallas,TX,53478.0,32.807003,-96.793084,322813,Software Engineer,2013-01-17,Bronze,gmail.com,2016-12-30
500165,1634485030689606,Charles,Davis,F,6778 Elm St,Denver,CO,69129.0,39.720331,-104.979267,5291645,Dentist,1972-08-07,Platinum,outlook.com,2015-03-11
500166,5817356086397266,James,Martin,M,9694 Main St,San Antonio,TX,19514.0,29.445715,-98.516338,3005606,Accountant,2010-05-28,Gold,outlook.com,2021-10-20
500167,9346889974514467,Joseph,Gonzalez,F,604 Elm St,Los Angeles,CA,30489.0,34.043555,-118.281511,4480051,Electrician,1975-04-04,Silver,hotmail.com,2023-12-08
500168,9648119780881776,Robert,Martinez,F,282 Park Rd,Denver,CO,82754.0,39.707315,-104.972188,1190929,Accountant,1998-12-17,Bronze,gmail.com,2021-06-03
500169,5931672734878712,John,Martinez,M,5733 Oak Ave,Austin,TX,64087.0,30.235344,-97.740584,7601958,Mechanic,1985-05-10,Silver,yahoo.com,2017-06-23
500170,2032425073237238,Jennifer,Jackson,M,9092 Elm St,Austin,TX,94498.0,30.288105,-97.782412,4615920,Software Engineer,1972-09-03,Gold,gmail.com,2017-10-23
500171,6229542411089834,Jessica,Hernandez,F,2200 Oak Ave,Los Angeles,CA,23113.0,34.058931,-118.268044,2396903,Software Engineer,1967-09-17,Silver,outlook.com,2020-06-13
500172,6939547280547354,Elizabeth,Jackson,M,9366 Park Rd,San Diego,CA,57774.0,32.761993,-117.162745,6780476,Police Officer,1979-06-17,Platinum,yahoo.com,2015-01-20
500173,2995329215989116,Susan,Rodriguez,F,2300 Maple Dr,Philadelphia,PA,72908.0,39.983199,-75.160177,3887653,Architect,1972-02-01,Gold,outlook.com,2020-06-17
500174,6814609084630520,Karen,Williams,F,2393 Park Rd,Dallas,TX,35746.0,32.731041,-96.783685,2213172,Software Engineer,1959-10-07,Bronze,gmail.com,2024-07-11
500175,8319629428709454,Charles,Jackson,F,9767 Oak Ave,Dallas,TX,14804.0,32.82184,-96.786839,4632105,Graphic Designer,2006-09-01,,icloud.com,2020-04-17
500176,4535309411600954,Linda,Jackson,F,2293 Elm St,Columbus,OH,75683.0,39.993119,-82.960379,4286646,Software Engineer,1963-05-03,Platinum,outlook.com,2020-08-18
500177,8637938936957653,Karen,Garcia,M,7410 Oak Ave,New York,NY,33480.0,40.685608,-74.034796,4755948,Mechanic,2009-06-14,Platinum,outlook.com,2015-06-15
500178,3087416329805220,John,Rodriguez,F,3934 Main St,Houston,TX,97632.0,29.771498,-95.378697,1739546,Lawyer,2018-04-25,Platinum,hotmail.com,2025-04-17
500179,9832364192412075,David,Brown,F,4414 Park Rd,San Diego,CA,81349.0,32.749686,-117.121098,4787850,Chef,1954-03-02,Platinum,hotmail.com,2019-02-05
500180,8525237532012027,John,Taylor,F,6265 Oak Ave,Austin,TX,77681.0,30.252542,-97.769413,3409451,Lawyer,2008-08-12,Gold,hotmail.com,2023-11-21
500181,5520143869731521,Robert,Anderson,M,3868 Main St,San Diego,CA,77441.0,32.743753,-117.183619,5402876,Graphic Designer,2004-03-16,Silver,yahoo.com,2017-02-04
500182,7460887529291830,Patricia,Davis,F,5510 Main St,Chicago,IL,73113.0,41.910361,-87.637426,5669234,Plumber,1982-07-01,Platinum,yahoo.com,2021-08-16
500183,4701054207649945,James,Davis,M,2195 Park Rd,Chicago,IL,87640.0,41.894855,-87.670246,1356649,Mechanic,2008-01-26,,gmail.com,2024-12-27
500184,2498269516578776,William,Garcia,F,9919 Park Rd,Austin,TX,93574.0,30.279586,-97.747923,161196,Financial Analyst,1963-03-06,Bronze,yahoo.com,2020-01-14
500185,5338483334711217,Jennifer,Davis,F,9944 Oak Ave,Austin,TX,86368.0,30.275861,-97.776299,6887460,Chef,1992-04-17,,icloud.com,2017-12-19
500186,4086508177417996,Joseph,Martin,M,3865 Elm St,Chicago,IL,60523.0,41.901787,-87.59352,1114084,Accountant,2014-12-21,Bronze,yahoo.com,2020-11-11
500187,4781176182618872,Robert,Martin,M,3006 Elm St,Seattle,WA,90576.0,47.577874,-122.372529,5036602,Nurse,1995-04-01,,icloud.com,2023-06-09
500188,6939280416613440,Robert,Martin,M,7169 Park Rd,Los Angeles,CA,65139.0,34.004564,-118.229503,3111951,Nurse,1958-05-12,,hotmail.com,2017-07-28
500189,7923580866580621,Richard,Lopez,M,7071 Oak Ave,Denver,CO,43360.0,39.749909,-104.98563,4007550,Electrician,1993-04-03,Bronze,outlook.com,2021-09-16
500190,3322101593510405,Michael,Smith,M,9569 Park Rd,Boston,MA,25444.0,42.333295,-71.069809,4365078,Teacher,1998-10-12,Platinum,yahoo.com,2022-09-18
500191,4263034439635510,Patricia,Jones,F,9690 Maple Dr,Denver,CO,44249.0,39.748648,-104.990623,7177066,Pharmacist,1978-05-05,,outlook.com,2021-11-11
500192,7800180477136388,Michael,Wilson,F,3028 Maple Dr,Phoenix,AZ,83281.0,33.497179,-112.110356,4659933,Plumber,2011-01-23,Gold,outlook.com,2021-06-24
500193,7627338111145180,Robert,Brown,M,7417 Oak Ave,Philadelphia,PA,23143.0,39.972114,-75.174768,1804005,Dentist,2013-04-17,Gold,icloud.com,2021-11-20
500194,1468850255605615,Jennifer,Gonzalez,M,1592 Oak Ave,Charlotte,NC,71822.0,35.21992,-80.82134,7771691,Pharmacist,2011-06-01,Bronze,gmail.com,2017-12-13
500195,6485644243368956,Mary,Gonzalez,F,8636 Maple Dr,Houston,TX,88311.0,29.779644,-95.320674,487034,Chef,1983-04-09,Platinum,hotmail.com,2015-02-13
500196,8240979556216781,Thomas,Martinez,M,650 Park Rd,Houston,TX,76918.0,29.723239,-95.409389,4331958,Electrician,2008-12-06,,yahoo.com,2022-07-23
500197,6899885932964891,James,Garcia,M,4620 Elm St,New York,NY,56285.0,40.735234,-73.998161,5622532,Dentist,1982-04-10,Platinum,icloud.com,2017-03-31
500198,7337665496983275,John,Williams,F,9260 Park Rd,Dallas,TX,55625.0,32.754116,-96.839058,2919832,Graphic Designer,1951-05-19,Silver,icloud.com,2025-10-19
500199,4638519897635296,Charles,Smith,F,2967 Elm St,Houston,TX,76353.0,29.718966,-95.330381,898092,Software Engineer,1990-10-19,,outlook.com,2018-10-24
500200,3321098925074281,Sarah,Jackson,F,7354 Elm St,Los Angeles,CA,83815.0,34.021387,-118.261363,4061981,Electrician,1996-01-19,Gold,hotmail.com,2022-08-23
500201,1246354436525762,Jessica,Brown,F,1206 Elm St,San Diego,CA,93055.0,32.688366,-117.1756,6620726,Electrician,2002-08-25,Silver,outlook.com,2019-08-17
500202,1087580978740164,William,Davis,F,1623 Elm St,Philadelphia,PA,98302.0,39.909542,-75.163294,6286290,Police Officer,1996-05-03,Bronze,icloud.com,2025-06-11
500203,4184384590608251,Michael,Jackson,F,3094 Oak Ave,Chicago,IL,75404.0,41.834861,-87.599764,6188345,Sales Manager,1992-10-02,Silver,yahoo.com,2024-10-14
500204,2826358517651520,Linda,Martin,F,2655 Main St,Phoenix,AZ,25712.0,33.421771,-112.069999,7724097,Software Engineer,1968-07-20,Platinum,icloud.com,2015-01-28
500205,1380675655928094,Jessica,Lopez,F,8166 Park Rd,Denver,CO,46009.0,39.777208,-104.975212,4122173,Chef,1998-07-31,,outlook.com,2019-06-18
500206,2155138225984632,Mary,Taylor,F,7936 Park Rd,Houston,TX,14268.0,29.763696,-95.387367,4220067,Lawyer,2017-04-20,Platinum,yahoo.com,2020-02-16
500207,5143945586644873,David,Smith,M,3552 Elm St,Los Angeles,CA,86153.0,34.0355,-118.226751,850134,Police Officer,2012-08-23,Gold,icloud.com,2024-08-31
500208,3367534358505133,Linda,Rodriguez,F,5721 Maple Dr,Phoenix,AZ,34105.0,33.497814,-112.057816,4188986,Pharmacist,1966-10-16,Silver,hotmail.com,2022-11-10
500209,8695084018843708,Richard,Rodriguez,F,3047 Park Rd,Denver,CO,27188.0,39.744978,-104.967235,4835938,Electrician,1983-05-27,Bronze,outlook.com,2024-01-07
500210,8712942781227841,Richard,Miller,M,2550 Elm St,Houston,TX,11276.0,29.756921,-95.413786,1486489,Pharmacist,1999-10-28,Platinum,yahoo.com,2025-01-06
500211,5809686987215288,David,Thomas,F,4211 Park Rd,Seattle,WA,,47.61243,-122.286337,405214,Dentist,2006-07-31,Bronze,yahoo.com,2015-09-03
500212,8556786550635724,Patricia,Anderson,F,4356 Maple Dr,Houston,TX,57226.0,29.72793,-95.3508,4705556,,1972-10-24,Gold,gmail.com,2019-08-14
500213,7121165345775128,Karen,Miller,M,4763 Maple Dr,Los Angeles,CA,52610.0,34.022293,-118.240117,5652150,Plumber,1981-07-01,Platinum,gmail.com,2019-04-10
500214,6689957485671635,Robert,Garcia,F,7011 Park Rd,Austin,TX,84925.0,30.226868,-97.748063,3400479,Software Engineer,1975-09-15,Bronze,yahoo.com,2018-11-08
500215,6881817338932920,Elizabeth,Rodriguez,F,4544 Elm St,Houston,TX,57600.0,29.786016,-95.385043,6278802,Architect,1978-02-15,Platinum,yahoo.com,2017-01-23
500216,7555190077595039,Linda,Rodriguez,M,3550 Oak Ave,Seattle,WA,62041.0,47.622691,-122.302555,869104,Accountant,1952-01-27,Bronze,hotmail.com,2021-02-24
500217,4575971606948189,Thomas,Williams,M,4400 Park Rd,New York,NY,30352.0,40.755518,-74.032536,712254,Dentist,1952-05-13,Gold,yahoo.com,2017-10-10
500218,6642837311026742,Robert,Jones,M,568 Main St,Charlotte,NC,96972.0,35.217032,-80.877858,2998401,Police Officer,1975-06-30,Platinum,hotmail.com,2025-12-07
500219,3453693061583726,Sarah,Anderson,M,8935 Oak Ave,Seattle,WA,87441.0,47.655448,-122.2894,5017899,,1998-07-01,,hotmail.com,2020-11-14
500220,3789179824411572,Barbara,Thomas,M,1567 Elm St,Columbus,OH,50352.0,39.965196,-82.964597,3073412,Pharmacist,2007-05-18,Gold,yahoo.com,2018-05-28
500221,8344288949603739,Robert,Lopez,F,7787 Park Rd,New York,NY,11090.0,40.714896,-73.993641,5774432,Plumber,1950-01-04,Platinum,outlook.com,2015-02-07
500222,3638414722067314,Karen,Davis,M,9081 Maple Dr,Denver,CO,34716.0,39.698112,-104.964773,3458890,Pharmacist,1988-08-13,Platinum,yahoo.com,2016-10-30
500223,4510313905268517,Richard,Davis,F,1397 Elm St,Charlotte,NC,91962.0,35.189871,-80.810493,2014590,Graphic Designer,2016-02-17,Gold,icloud.com,2024-01-26
500224,8687481166188294,John,Garcia,M,4844 Main St,Phoenix,AZ,93478.0,33.476603,-112.053126,3824694,Architect,1987-01-17,Gold,icloud.com,2020-07-08
500225,2370438248110280,Mary,Moore,M,3146 Main St,Houston,TX,46977.0,29.714016,-95.389487,2263172,Mechanic,1978-10-07,Platinum,gmail.com,2017-08-11
500226,5445767955972606,Michael,Hernandez,F,5204 Elm St,Los Angeles,CA,58679.0,34.028511,-118.257686,3894667,Nurse,1963-07-09,Gold,gmail.com,2024-06-17
500227,3400448872482672,Richard,Williams,F,3075 Oak Ave,Denver,CO,42778.0,39.697964,-104.946604,6860595,Dentist,1963-02-09,Bronze,gmail.com,2025-12-05
500228,4465949482843991,Joseph,Davis,M,3363 Elm St,Denver,CO,22315.0,39.74458,-105.009748,4376631,Sales Manager,2014-02-12,Platinum,hotmail.com,2022-08-23
500229,6667008164840017,Mary,Moore,M,4250 Elm St,Phoenix,AZ,93692.0,33.438098,-112.07928,2511625,Sales Manager,1978-12-26,Gold,gmail.com,2024-09-07
500230,2017172694957350,Linda,Wilson,F,346 Oak Ave,Columbus,OH,46188.0,39.971259,-82.997232,4909792,Accountant,1969-07-16,Platinum,yahoo.com,2015-02-06
500231,7221735939659101,Jessica,Martin,M,6184 Main St,New York,NY,42600.0,40.754739,-74.006304,1327870,Plumber,2002-02-17,Bronze,icloud.com,2018-10-18
500232,1540902276246560,Mary,Lopez,M,8887 Main St,Boston,MA,26492.0,42.409316,-71.023758,4097322,Electrician,2018-02-22,Gold,icloud.com,2023-11-04
500233,8255528399556778,Joseph,Miller,M,6289 Maple Dr,Columbus,OH,27659.0,39.932051,-82.95574,2107992,Nurse,2017-11-20,Platinum,hotmail.com,2021-04-08
500234,5414357495681371,Michael,Jackson,M,9006 Maple Dr,Phoenix,AZ,52425.0,33.410037,-112.042255,6148836,Architect,1998-09-10,Gold,icloud.com,2025-04-03
500235,1620382944773140,Thomas,Jones,F,4944 Maple Dr,Seattle,WA,80989.0,47.594262,-122.294303,3084564,Architect,1999-10-01,Bronze,icloud.com,2019-04-02
500236,1168615618272032,Karen,Lopez,M,5354 Main St,Charlotte,NC,96283.0,35.263906,-80.812507,4526094,Dentist,1966-08-24,Silver,icloud.com,2022-08-30
500237,6521765236550050,Elizabeth,Hernandez,F,5376 Main St,San Diego,CA,22616.0,32.744703,-117.180632,4393924,Software Engineer,1999-06-23,Bronze,yahoo.com,2017-01-01
500238,1964263975547778,Jessica,Miller,M,621 Park Rd,Seattle,WA,94115.0,47.564292,-122.341802,7020388,Dentist,1952-10-21,Platinum,icloud.com,2021-12-30
500239,1442125032697869,Barbara,Davis,M,314 Oak Ave,Charlotte,NC,95950.0,35.194452,-80.823605,4127208,Software Engineer,2002-12-16,Platinum,gmail.com,2019-01-18
500240,9020288519323604,Susan,Lopez,M,4455 Park Rd,Dallas,TX,15328.0,32.76131,-96.749439,6164757,Software Engineer,2016-09-13,Gold,gmail.com,2025-08-05
500241,1911753254588086,Linda,Moore,F,3204 Oak Ave,Houston,TX,78969.0,29.774497,-95.337552,5515279,Electrician,1996-08-09,,yahoo.com,2021-04-06
500242,7720345701190054,Patricia,Jackson,F,7615 Elm St,Charlotte,NC,23644.0,35.190352,-80.806899,1404297,Chef,2000-01-28,,hotmail.com,2020-08-29
500243,5808946711675014,Karen,Anderson,F,5263 Park Rd,Philadelphia,PA,52553.0,39.994876,-75.166494,7092149,Lawyer,2008-12-28,Platinum,hotmail.com,2024-04-06
500244,3168235248122515,Charles,Moore,M,6245 Park Rd,Charlotte,NC,43303.0,35.237725,-80.816619,3024970,Architect,1979-01-07,Platinum,hotmail.com,2015-01-01
500245,3562390300494111,Karen,Smith,M,5045 Main St,Charlotte,NC,49365.0,35.194584,-80.842843,1866320,Sales Manager,1953-02-09,Gold,gmail.com,2023-08-27
500246,3485604185322792,Sarah,Taylor,M,1644 Main St,Seattle,WA,70341.0,47.596066,-122.367463,2988456,Mechanic,2011-11-17,Silver,outlook.com,2019-02-12
500247,3098625173167937,William,Martinez,M,9446 Elm St,Boston,MA,84588.0,42.346853,-71.102083,7704750,Sales Manager,2002-03-25,Bronze,outlook.com,2023-11-22
500248,8437292020936338,Charles,Brown,F,712 Park Rd,San Diego,CA,60010.0,32.668281,-117.197583,663316,Nurse,1965-07-06,Gold,outlook.com,2024-11-12
500249,9378911752792765,Patricia,Davis,M,6366 Main St,Seattle,WA,49948.0,47.652512,-122.327147,4403846,Nurse,1988-12-18,Gold,icloud.com,2021-05-02
500250,7284939471184964,Linda,Jones,M,6536 Elm St,Chicago,IL,88005.0,41.924682,-87.63655,4830587,Software Engineer,1979-04-28,Silver,hotmail.com,2018-04-01
500251,2190651469505539,David,Williams,F,9462 Main St,Denver,CO,81847.0,39.720382,-104.989686,3353659,Graphic Designer,1985-05-18,Bronze,hotmail.com,2020-08-17
500252,7863779205760110,Robert,Thomas,M,8093 Elm St,San Antonio,TX,95491.0,29.418051,-98.533034,4797669,Sales Manager,2012-08-10,,icloud.com,2023-04-02
500253,1645311287024823,William,Wilson,F,9537 Main St,Dallas,TX,24749.0,32.790783,-96.825396,5640026,Pharmacist,1972-02-03,Platinum,outlook.com,2018-11-27
500254,6349168498526430,James,Martinez,M,5829 Park Rd,Houston,TX,67961.0,29.772359,-95.35478,5232630,Mechanic,1978-10-10,Platinum,gmail.com,2025-05-13
500255,7173165942116850,Barbara,Jones,M,1941 Main St,Seattle,WA,41856.0,47.571402,-122.375965,7965293,Mechanic,1970-12-12,Gold,gmail.com,2018-11-07
500256,5053793307899746,Jessica,Smith,F,3524 Park Rd,Charlotte,NC,37770.0,35.255176,-80.84712,1714609,Graphic Designer,1959-12-26,,hotmail.com,2021-12-26
500257,7293826586029736,James,Gonzalez,M,4285 Oak Ave,Charlotte,NC,17878.0,35.182916,-80.793613,2387478,Sales Manager,1962-09-06,,outlook.com,2015-08-06
500258,1075071497901573,John,Gonzalez,F,6001 Main St,San Diego,CA,12500.0,32.671478,-117.141596,2458630,Dentist,2008-09-28,Silver,hotmail.com,2020-09-13
500259,3841378151475396,Jessica,Martin,M,3154 Oak Ave,Charlotte,NC,75621.0,35.275468,-80.869182,3846867,Teacher,1958-12-08,Bronze,yahoo.com,2025-05-05
500260,5412921415520723,Richard,Garcia,M,5781 Maple Dr,Dallas,TX,56580.0,32.740925,-96.834862,5249817,Financial Analyst,1977-05-10,Silver,icloud.com,2018-02-03
500261,3320968654777773,Richard,Smith,F,3795 Oak Ave,Denver,CO,54798.0,39.719528,-105.030195,7531052,Dentist,1955-07-25,Silver,gmail.com,2023-03-09
500262,7106837735325992,Karen,Davis,F,4038 Park Rd,San Antonio,TX,30021.0,29.443316,-98.537371,3582447,Financial Analyst,1996-09-18,,outlook.com,2020-01-14
500263,6876950668020583,Robert,Jackson,M,2362 Maple Dr,Dallas,TX,78656.0,32.777642,-96.74733,7634965,Mechanic,1961-10-27,Platinum,yahoo.com,2022-05-11
500264,2423570849225774,David,Williams,M,3116 Maple Dr,Boston,MA,29073.0,42.391497,-71.047378,6104185,Teacher,2000-09-03,Gold,hotmail.com,2025-10-12
500265,7715853284883948,William,Jones,M,1849 Oak Ave,San Antonio,TX,34215.0,29.404725,-98.48121,224766,Graphic Designer,1977-03-20,,icloud.com,2021-11-13
500266,3079873270042770,James,Lopez,M,7908 Oak Ave,Houston,TX,75840.0,29.763104,-95.377192,7102921,Plumber,2003-07-03,Gold,yahoo.com,2024-07-22
500267,2238606178814008,Jennifer,Miller,M,628 Elm St,San Antonio,TX,11967.0,29.387171,-98.45494,7768112,Graphic Designer,1994-02-02,Platinum,yahoo.com,2023-04-29
500268,2842531339707777,John,Garcia,F,8127 Maple Dr,Columbus,OH,69971.0,39.956178,-83.029338,7450618,Electrician,1968-03-13,Platinum,hotmail.com,2023-09-15
500269,8424893511447554,Richard,Hernandez,F,9470 Park Rd,New York,NY,80275.0,40.699576,-74.014587,4410953,Nurse,2004-07-16,,gmail.com,2020-01-24
500270,9969699370348432,Linda,Taylor,F,743 Park Rd,San Diego,CA,60777.0,32.748454,-117.137739,4334584,,1953-10-21,Silver,outlook.com,2019-12-06
500271,8454550425317970,Elizabeth,Anderson,M,7021 Maple Dr,San Antonio,TX,90364.0,29.45103,-98.542497,7714406,Nurse,1977-04-28,,yahoo.com,2020-03-13
500272,1814619797126267,Thomas,Brown,M,9691 Park Rd,Seattle,WA,27734.0,47.597815,-122.333966,3302282,Pharmacist,2007-12-19,Gold,hotmail.com,2015-04-13
500273,9076014225648185,Michael,Anderson,M,4197 Maple Dr,Chicago,IL,95010.0,41.830019,-87.653819,7614830,Chef,1990-09-14,Bronze,gmail.com,2016-04-12
500274,4269104195768819,John,Taylor,F,8483 Park Rd,Charlotte,NC,30958.0,35.253129,-80.879389,3181586,Dentist,1990-04-26,Bronze,yahoo.com,2025-03-25
500275,6940523333181169,Robert,Garcia,M,3030 Main St,Philadelphia,PA,64995.0,39.956131,-75.19368,2589213,Financial Analyst,2000-09-25,Platinum,outlook.com,2022-01-09
500276,2185088415389634,Michael,Smith,F,300 Elm St,Chicago,IL,75225.0,41.829312,-87.65568,7180708,Plumber,1960-07-19,,gmail.com,2021-10-26
500277,2953425162344588,Charles,Thomas,F,6819 Elm St,Boston,MA,20407.0,42.407687,-71.028746,5048370,Teacher,1994-04-09,Silver,icloud.com,2018-02-13
500278,8386998251422216,Michael,Johnson,M,2529 Main St,Austin,TX,95626.0,30.313158,-97.744315,2932790,Nurse,2006-05-26,Silver,gmail.com,2022-06-25
500279,3982383622466125,John,Johnson,M,6931 Oak Ave,Austin,TX,31146.0,30.228174,-97.738304,5642903,Financial Analyst,2004-02-15,,icloud.com,2021-06-02
500280,9703593073563987,Joseph,Jackson,F,687 Main St,Denver,CO,49229.0,39.734638,-104.955864,2713025,Lawyer,2000-06-08,Platinum,gmail.com,2023-07-04
500281,3637599824870208,Jessica,Jones,M,4596 Maple Dr,San Antonio,TX,79081.0,29.383908,-98.494776,3475852,Sales Manager,1999-05-21,Silver,icloud.com,2015-08-27
500282,9821200240213244,Thomas,Williams,F,4805 Elm St,Los Angeles,CA,89802.0,34.017205,-118.261232,7116844,Police Officer,2001-04-05,Gold,icloud.com,2021-06-13
500283,2168355345483540,Karen,Jackson,F,8614 Elm St,Austin,TX,74553.0,30.290936,-97.745498,6782830,Chef,1981-09-30,,yahoo.com,2022-12-12
500284,2064713809533794,James,Anderson,M,3496 Park Rd,Phoenix,AZ,64346.0,33.435989,-112.084552,3478228,Nurse,1967-05-14,Gold,outlook.com,2021-04-14
500285,1101757277161315,Michael,Martinez,F,1211 Maple Dr,Denver,CO,49358.0,39.735145,-104.961798,4255420,Police Officer,2007-03-12,Bronze,gmail.com,2022-09-10
500286,7524782873115935,Charles,Martin,M,2977 Oak Ave,Philadelphia,PA,53321.0,39.991808,-75.119667,6999633,Police Officer,1980-08-16,Platinum,hotmail.com,2023-12-10
500287,5336925414573173,Robert,Anderson,F,7677 Elm St,New York,NY,17342.0,40.74149,-74.024459,7010374,Financial Analyst,2007-12-04,,outlook.com,2021-03-24
500288,6200733843533950,David,Lopez,M,2546 Maple Dr,Dallas,TX,14085.0,32.795513,-96.80324,2850016,Dentist,1951-09-06,,yahoo.com,2021-05-27
500289,6361009048424570,Patricia,Martinez,F,618 Maple Dr,Austin,TX,64246.0,30.242667,-97.709013,733112,Plumber,1984-12-13,Silver,outlook.com,2020-01-26
500290,5729683339178351,Elizabeth,Garcia,M,6231 Main St,Seattle,WA,36489.0,47.560043,-122.291924,7666767,Software Engineer,1977-02-24,Platinum,icloud.com,2015-04-13
500291,5504088845430519,Robert,Miller,F,8021 Park Rd,Denver,CO,50679.0,39.735348,-104.97658,6510644,Police Officer,1993-04-20,Silver,gmail.com,2024-03-21
500292,2195413921262497,Michael,Johnson,F,6450 Park Rd,Dallas,TX,25182.0,32.792635,-96.757488,39476,Financial Analyst,2010-09-17,Bronze,icloud.com,2024-10-11
500293,9009072335203803,Mary,Brown,F,468 Park Rd,Los Angeles,CA,50913.0,34.065867,-118.232307,5364069,Sales Manager,1979-11-26,Gold,yahoo.com,2017-02-27
500294,3874645372156472,Joseph,Brown,F,2546 Oak Ave,Phoenix,AZ,45866.0,33.405065,-112.072159,965163,Teacher,1974-10-27,,icloud.com,2020-10-06
500295,4155385953495422,Sarah,Hernandez,F,2419 Maple Dr,Los Angeles,CA,85246.0,34.017217,-118.219957,2058741,Chef,1968-07-14,Bronze,outlook.com,2021-11-16
500296,4996022714090186,Mary,Jones,M,7812 Main St,Boston,MA,23884.0,42.361322,-71.040877,3222867,Nurse,1980-05-22,Bronze,hotmail.com,2019-05-25
500297,9027902026934464,Charles,Anderson,F,5219 Maple Dr,Chicago,IL,35971.0,41.832267,-87.671321,5985227,Software Engineer,2013-03-21,Platinum,icloud.com,2016-06-23
500298,1876067965431298,Joseph,Martinez,F,7809 Oak Ave,Los Angeles,CA,39333.0,34.073832,-118.286492,1210624,Graphic Designer,2012-09-03,Gold,hotmail.com,2017-01-21
500299,8104684780183417,David,Anderson,F,595 Main St,Charlotte,NC,72303.0,35.184226,-80.891889,951965,Lawyer,2009-09-04,Platinum,hotmail.com,2024-06-26
500300,4140049593421992,Karen,Jackson,M,8422 Main St,Chicago,IL,63174.0,41.92375,-87.606049,6863130,Accountant,1975-04-29,Gold,icloud.com,2022-04-14
500301,5152093202056047,Richard,Jackson,F,4008 Park Rd,Los Angeles,CA,41941.0,34.037525,-118.264046,4601529,Chef,1977-02-07,Platinum,hotmail.com,2015-09-28
500302,7251538848466829,Charles,Wilson,F,9393 Maple Dr,Philadelphia,PA,81372.0,39.93757,-75.137735,5827810,Electrician,1968-09-06,Silver,gmail.com,2023-04-17
500303,8536759537533160,Jessica,Brown,F,5430 Park Rd,Boston,MA,,42.376237,-71.09038,6900629,Architect,2013-11-13,Silver,outlook.com,2025-09-20
500304,1979487041225627,Karen,Gonzalez,F,8198 Main St,San Antonio,TX,21866.0,29.391511,-98.53376,1830459,Mechanic,1956-03-30,,gmail.com,2023-06-28
500305,5080030593518659,Sarah,Martinez,F,9568 Elm St,Chicago,IL,35646.0,41.89413,-87.603363,1730215,Police Officer,2009-04-16,Gold,icloud.com,2023-11-28
500306,9273126227377999,Susan,Lopez,M,9647 Main St,Boston,MA,90149.0,42.336605,-71.106806,4286745,Dentist,2010-12-19,Silver,outlook.com,2015-09-13
500307,1478532233347935,James,Moore,F,1897 Maple Dr,Philadelphia,PA,14087.0,39.910817,-75.118414,1978345,Pharmacist,1999-03-30,,hotmail.com,2022-01-04
500308,4657217836220426,Richard,Wilson,M,2941 Elm St,Philadelphia,PA,28228.0,39.932144,-75.138278,1583961,Dentist,2013-11-09,Gold,hotmail.com,2016-09-23
500309,2209463329783115,James,Williams,M,2459 Elm St,Phoenix,AZ,96235.0,33.460866,-112.085806,3668599,Mechanic,2010-02-11,Bronze,yahoo.com,2022-03-15
500310,5107542912497824,Karen,Wilson,M,7544 Park Rd,Denver,CO,65590.0,39.709769,-105.028161,4635931,Architect,1987-04-23,Platinum,outlook.com,2017-07-13
500311,1066922482061347,Charles,Thomas,M,8320 Maple Dr,Chicago,IL,63849.0,41.889601,-87.602337,7777585,Lawyer,1988-02-09,Bronze,gmail.com,2021-05-16
500312,2019291811654360,Charles,Thomas,M,2427 Park Rd,San Diego,CA,46624.0,32.73009,-117.15807,3905168,Software Engineer,2013-03-28,,icloud.com,2015-12-29
500313,7680515099959000,John,Moore,F,964 Maple Dr,Houston,TX,80127.0,29.714595,-95.322951,6535758,Teacher,1992-05-21,Platinum,hotmail.com,2020-09-30
500314,7609613536322497,David,Wilson,F,4927 Maple Dr,Boston,MA,31955.0,42.389971,-71.079618,301337,Financial Analyst,1992-02-05,,outlook.com,2015-09-09
500315,2522929166781950,Charles,Johnson,F,547 Maple Dr,Columbus,OH,73538.0,40.009197,-82.988612,697145,Mechanic,1992-06-13,,gmail.com,2024-07-19
500316,2193800127375803,Karen,Rodriguez,F,4309 Main St,Denver,CO,24621.0,39.747442,-104.965493,5070222,Chef,1974-12-05,,yahoo.com,2022-05-23
500317,2579859944842707,William,Davis,F,3062 Park Rd,San Diego,CA,14337.0,32.746877,-117.145452,2881017,Software Engineer,1983-03-05,Silver,icloud.com,2025-06-22
500318,5467104592814753,Susan,Gonzalez,M,7311 Oak Ave,Seattle,WA,37637.0,47.56901,-122.348273,4851580,Lawyer,1963-10-31,Bronze,outlook.com,2023-06-22
500319,2509608215685400,Joseph,Gonzalez,F,5037 Elm St,Seattle,WA,79798.0,47.649008,-122.359638,1965093,Dentist,1960-05-28,Platinum,hotmail.com,2017-12-11
500320,4915738306479512,James,Martinez,F,6358 Maple Dr,Chicago,IL,79501.0,41.865317,-87.636592,5733381,Nurse,1997-08-03,Bronze,icloud.com,2022-02-23
500321,9268987192887344,William,Hernandez,F,4475 Main St,Philadelphia,PA,43468.0,39.94654,-75.153906,5494029,Dentist,1988-09-26,Platinum,yahoo.com,2023-03-27
500322,2755734400257918,Thomas,Hernandez,M,5232 Park Rd,Columbus,OH,11386.0,40.005508,-83.024731,5648871,Teacher,2002-10-26,Bronze,gmail.com,2019-08-12
500323,7174428251138784,Joseph,Lopez,M,4741 Maple Dr,Los Angeles,CA,35307.0,34.01435,-118.273953,290563,Teacher,1997-02-14,,gmail.com,2015-08-21
500324,8525147319403720,Michael,Martin,M,2065 Main St,Austin,TX,89257.0,30.305892,-97.728519,1094741,Dentist,2008-11-27,,yahoo.com,2025-01-18
500325,3281843901324307,Elizabeth,Anderson,M,7529 Maple Dr,Los Angeles,CA,65965.0,34.030791,-118.212105,5811774,Police Officer,2012-05-30,Gold,yahoo.com,2023-10-03
500326,1561935383816817,Richard,Gonzalez,F,1084 Maple Dr,Los Angeles,CA,44690.0,34.088337,-118.209049,1497580,Architect,1974-11-17,Bronze,hotmail.com,2025-05-31
500327,2607264347861223,Jessica,Brown,M,8957 Elm St,Houston,TX,38624.0,29.802293,-95.394576,5155322,Accountant,2004-10-02,Platinum,outlook.com,2016-02-28
500328,6146212936616662,William,Anderson,M,8254 Oak Ave,New York,NY,95572.0,40.738304,-74.009946,5376521,Teacher,1956-07-17,Bronze,hotmail.com,2017-12-27
500329,9148069773200291,Richard,Jackson,M,8544 Elm St,Chicago,IL,72670.0,41.9123,-87.606951,3662916,Dentist,2012-10-21,Bronze,icloud.com,2017-07-14
500330,7208314899924556,Jessica,Brown,F,5563 Maple Dr,New York,NY,62509.0,40.740445,-73.990384,468006,Software Engineer,1984-06-27,Gold,icloud.com,2024-07-27
500331,5140064323382584,Elizabeth,Miller,M,9184 Main St,Philadelphia,PA,60353.0,39.920343,-75.160697,5547639,Sales Manager,1957-03-21,Gold,hotmail.com,2025-01-19
500332,4235938693545172,Jessica,Williams,F,3204 Oak Ave,Los Angeles,CA,14679.0,34.100667,-118.199961,1624779,Teacher,2006-07-30,,yahoo.com,2020-06-26
500333,5868859935913026,Elizabeth,Thomas,F,368 Main St,San Antonio,TX,54470.0,29.378417,-98.527119,475218,Police Officer,1955-08-27,Bronze,hotmail.com,2016-04-29
500334,5711843982819256,Joseph,Moore,M,9592 Oak Ave,Houston,TX,19441.0,29.723573,-95.347202,314352,Mechanic,2008-08-29,Platinum,gmail.com,2020-04-14
500335,3185889442277622,Robert,Smith,M,918 Maple Dr,Boston,MA,22752.0,42.391879,-71.087549,3831753,Chef,2005-06-23,,gmail.com,2024-03-03
500336,5477868968698161,Karen,Martin,M,1133 Oak Ave,Seattle,WA,65864.0,47.606785,-122.29803,2834839,Dentist,1959-07-17,Gold,gmail.com,2025-12-11
500337,2236952925805360,David,Miller,M,9817 Oak Ave,Columbus,OH,53975.0,39.98448,-82.994576,535343,Accountant,2001-09-03,Gold,yahoo.com,2023-06-30
500338,4332008554033354,Sarah,Garcia,F,4091 Park Rd,San Antonio,TX,15334.0,29.433135,-98.492764,1123796,Accountant,1965-01-28,,hotmail.com,2023-09-21
500339,5386213359205153,John,Smith,M,3039 Main St,Chicago,IL,95426.0,41.857855,-87.623298,4985572,Financial Analyst,1951-05-28,Platinum,hotmail.com,2022-10-06
500340,6763034976970749,William,Taylor,F,6850 Oak Ave,Chicago,IL,32878.0,41.896989,-87.592468,5126563,Nurse,1968-06-30,,yahoo.com,2023-01-16
500341,1792824979569639,Elizabeth,Lopez,F,174 Park Rd,San Diego,CA,40885.0,32.729329,-117.134988,1614797,Accountant,2004-11-28,,gmail.com,2021-12-10
500342,5861391821193424,Thomas,Davis,F,3509 Maple Dr,Philadelphia,PA,16955.0,39.918607,-75.169044,1630032,Accountant,2018-04-14,Silver,hotmail.com,2020-07-30
500343,9310700171491233,Mary,Johnson,F,4770 Oak Ave,Chicago,IL,66973.0,41.829033,-87.655132,2113743,Police Officer,1964-05-02,,hotmail.com,2015-06-27
500344,9330407123471170,Sarah,Garcia,M,576 Elm St,Los Angeles,CA,77489.0,34.074846,-118.194519,978624,Software Engineer,2016-06-04,Silver,hotmail.com,2021-08-24
500345,2790191413488993,David,Davis,M,5443 Oak Ave,Austin,TX,22853.0,30.227118,-97.752951,1994092,Pharmacist,1979-03-31,Silver,hotmail.com,2024-12-30
500346,6270042859196741,Jessica,Johnson,F,2474 Oak Ave,Houston,TX,89879.0,29.790407,-95.399396,3821740,Chef,1956-08-06,Platinum,outlook.com,2016-07-12
500347,6692739466568456,Barbara,Rodriguez,M,5603 Oak Ave,San Diego,CA,14206.0,32.721208,-117.137793,5811682,Nurse,2014-07-31,Gold,yahoo.com,2016-03-31
500348,4767023295622575,Jennifer,Hernandez,M,4935 Park Rd,Seattle,WA,30550.0,47.617799,-122.363298,6628199,Chef,1991-10-07,,icloud.com,2024-08-03
500349,8718934172461846,Thomas,Thomas,M,9792 Elm St,Houston,TX,70655.0,29.745938,-95.341421,2346855,Teacher,1957-10-04,Platinum,yahoo.com,2017-10-12
500350,3003261134992264,Charles,Jones,M,6944 Main St,Philadelphia,PA,15250.0,39.958023,-75.214677,3953120,Nurse,1988-12-16,Platinum,icloud.com,2019-06-04
500351,1882700911125994,Joseph,Thomas,M,1461 Park Rd,San Diego,CA,11628.0,32.741799,-117.207569,5819646,Pharmacist,2012-07-01,Silver,yahoo.com,2019-01-08
500352,9997757403250543,John,Smith,F,5094 Oak Ave,Phoenix,AZ,70199.0,33.472973,-112.103752,7201772,Teacher,1971-06-13,Platinum,hotmail.com,2023-08-28
500353,2665843461468827,Barbara,Anderson,M,1258 Elm St,Chicago,IL,53634.0,41.923907,-87.643006,4458682,Nurse,2013-01-30,Gold,hotmail.com,2023-06-11
500354,6516923914899572,Sarah,Jackson,M,1426 Park Rd,Phoenix,AZ,54000.0,33.431093,-112.109111,6177008,Nurse,2012-08-16,,outlook.com,2024-12-16
500355,4292948775655080,Joseph,Martin,M,6089 Maple Dr,New York,NY,32972.0,40.69336,-73.968335,5442266,Software Engineer,1959-12-16,,yahoo.com,2016-07-20
500356,2022835894350169,Jessica,Jackson,M,3793 Maple Dr,Philadelphia,PA,56230.0,40.002233,-75.178369,7537408,Graphic Designer,1971-05-30,,hotmail.com,2018-02-09
500357,4109523563788625,Joseph,Thomas,M,7803 Park Rd,New York,NY,98907.0,40.707661,-73.983793,6928781,Financial Analyst,1955-09-08,Platinum,icloud.com,2019-02-16
500358,7244001745434163,John,Miller,F,1530 Main St,Denver,CO,61207.0,39.77782,-104.980996,7537515,Chef,2010-05-28,Gold,gmail.com,2016-03-23
500359,7278757336589450,Robert,Thomas,M,3446 Park Rd,Chicago,IL,92218.0,41.867253,-87.638538,195339,Financial Analyst,1974-10-04,Platinum,icloud.com,2025-06-13
500360,4784194094356706,Joseph,Smith,F,3197 Main St,Chicago,IL,12888.0,41.897662,-87.679478,7318135,Electrician,1992-07-07,,outlook.com,2019-08-14
500361,6819112271899538,David,Thomas,F,7603 Maple Dr,Austin,TX,84350.0,30.279159,-97.757551,1111912,Financial Analyst,1980-10-02,Silver,outlook.com,2017-07-17
500362,3595392776658712,Mary,Jones,F,4759 Elm St,San Diego,CA,31805.0,32.74512,-117.201801,5194446,Chef,1983-05-14,,outlook.com,2017-01-16
500363,9148913145985428,Robert,Garcia,M,2015 Main St,Chicago,IL,51500.0,41.88692,-87.631703,4824466,Mechanic,2013-07-12,Platinum,outlook.com,2019-02-23
500364,7369301476878839,Mary,Hernandez,F,2523 Maple Dr,Chicago,IL,68776.0,41.892333,-87.673315,4533729,Chef,1968-05-28,,outlook.com,2016-05-12
500365,9386324814980508,Jessica,Jones,F,5346 Oak Ave,Boston,MA,10562.0,42.368098,-71.052752,6199944,Police Officer,1952-03-27,Gold,hotmail.com,2025-01-17
500366,9953748303805480,Charles,Jones,F,5649 Main St,Phoenix,AZ,72781.0,33.454466,-112.063651,7556210,Nurse,2017-08-29,Silver,icloud.com,2016-04-23
500367,6562143287097334,Linda,Anderson,F,1615 Maple Dr,Phoenix,AZ,17213.0,33.466047,-112.043501,5106542,Sales Manager,1952-03-23,,icloud.com,2017-06-28
500368,1203096959118399,John,Moore,F,1531 Park Rd,Denver,CO,61697.0,39.716182,-104.957795,1636165,Plumber,1974-12-08,Gold,icloud.com,2021-10-14
500369,7005699621419701,Barbara,Gonzalez,M,7106 Maple Dr,Dallas,TX,60608.0,32.776526,-96.839294,3132534,Teacher,1955-01-11,Gold,outlook.com,2018-12-10
500370,6053337721519381,John,Miller,F,6909 Elm St,Phoenix,AZ,47831.0,33.404255,-112.090576,1378972,Pharmacist,1989-12-22,Platinum,yahoo.com,2024-05-15
500371,2293786253178065,Michael,Martinez,F,8706 Maple Dr,Austin,TX,18665.0,30.29569,-97.722332,7832854,Dentist,2003-08-24,Bronze,gmail.com,2019-08-05
500372,2575297000249137,Sarah,Anderson,M,3364 Oak Ave,Columbus,OH,60039.0,39.990061,-82.997073,2433193,Plumber,1974-07-10,Bronze,outlook.com,2024-05-11
500373,6037556378721928,Joseph,Davis,M,140 Oak Ave,Austin,TX,44429.0,30.26122,-97.778355,2523003,Plumber,1977-04-07,Bronze,outlook.com,2019-09-05
500374,7195541463767363,Linda,Smith,M,4641 Elm St,Chicago,IL,18745.0,41.860919,-87.636398,5028864,Lawyer,1994-02-17,,hotmail.com,2021-05-05
500375,7178154238728514,Jessica,Brown,F,8497 Park Rd,San Antonio,TX,12299.0,29.38296,-98.521539,7095723,Graphic Designer,1973-02-20,Silver,icloud.com,2015-08-28
500376,8911177120578100,Robert,Lopez,M,966 Maple Dr,Chicago,IL,57338.0,41.887923,-87.606234,3524138,Lawyer,1978-09-06,Bronze,outlook.com,2018-04-09
500377,1691996267280637,Thomas,Miller,M,1648 Park Rd,Dallas,TX,31906.0,32.826535,-96.753689,4565989,Police Officer,2007-04-28,Gold,outlook.com,2018-01-16
500378,4265316267719762,Patricia,Moore,F,2454 Main St,Columbus,OH,27950.0,39.975457,-83.006675,4351731,Financial Analyst,2012-08-13,Gold,hotmail.com,2019-08-15
500379,2962452601802382,Robert,Taylor,M,3187 Park Rd,Philadelphia,PA,90403.0,39.966218,-75.136635,5790227,Accountant,1964-08-17,Platinum,hotmail.com,2025-04-10
500380,2182034351345457,James,Thomas,F,5204 Maple Dr,Los Angeles,CA,28220.0,34.014034,-118.25271,6858817,Architect,1960-06-16,,icloud.com,2023-07-25
500381,3744354007133134,James,Brown,M,2208 Oak Ave,Philadelphia,PA,39697.0,39.98658,-75.176817,2583895,Mechanic,1965-06-13,Silver,yahoo.com,2015-11-18
500382,8061913059296574,Patricia,Williams,M,8034 Elm St,San Antonio,TX,15572.0,29.431287,-98.484823,1652111,Accountant,2011-12-23,Bronze,icloud.com,2021-08-26
500383,9183304779050921,William,Johnson,M,5042 Main St,New York,NY,22648.0,40.681248,-74.019776,6568002,Accountant,1992-01-31,,yahoo.com,2021-08-03
500384,7040232345328795,Barbara,Smith,M,2484 Maple Dr,Boston,MA,85989.0,42.343551,-71.10628,2922864,Lawyer,1967-12-12,Silver,icloud.com,2023-10-04
500385,5547817354302636,Charles,Williams,M,9572 Main St,Charlotte,NC,79315.0,35.179519,-80.80993,1825311,Sales Manager,2004-12-28,Gold,yahoo.com,2025-02-10
500386,9769228020364104,Patricia,Miller,F,6104 Park Rd,Denver,CO,34264.0,39.716507,-104.988492,3693184,Accountant,1998-03-10,Silver,outlook.com,2019-04-04
500387,3049625026851873,Susan,Brown,F,2125 Elm St,San Antonio,TX,24459.0,29.403973,-98.449532,4364790,Mechanic,1969-03-23,Platinum,outlook.com,2022-11-26
500388,1365771106414941,John,Hernandez,F,1995 Elm St,Phoenix,AZ,47173.0,33.42433,-112.081034,3838138,Financial Analyst,1999-12-26,Platinum,yahoo.com,2021-03-18
500389,8704449709931942,Susan,Miller,M,7893 Maple Dr,San Antonio,TX,33500.0,29.461373,-98.459407,112255,Plumber,1976-01-27,Bronze,hotmail.com,2019-11-30
500390,1765666725483470,Patricia,Jones,F,6663 Park Rd,Dallas,TX,23332.0,32.74531,-96.766736,6224583,Chef,2009-01-30,Bronze,outlook.com,2025-12-08
500391,6358930339592171,Richard,Brown,M,7058 Elm St,Houston,TX,46505.0,29.756219,-95.371503,6420750,Graphic Designer,1980-05-19,Platinum,outlook.com,2020-05-02
500392,4642905146969142,Jessica,Taylor,F,2514 Elm St,Columbus,OH,24160.0,39.924548,-83.04074,1030004,Graphic Designer,2004-02-11,Platinum,hotmail.com,2017-08-03
500393,1897145781351910,Mary,Williams,F,538 Oak Ave,Columbus,OH,60152.0,39.983994,-82.999154,5076617,Police Officer,1962-01-28,Silver,outlook.com,2021-12-22
500394,1689208076966031,Thomas,Thomas,F,3408 Maple Dr,Austin,TX,96781.0,30.260885,-97.720149,4181679,Plumber,1958-08-23,,outlook.com,2021-01-30
500395,1159160950803062,Mary,Wilson,M,6385 Elm St,Philadelphia,PA,51229.0,39.979151,-75.199309,7159428,Dentist,1998-06-30,Platinum,hotmail.com,2015-05-28
500396,6939448239993584,Elizabeth,Garcia,F,7156 Oak Ave,New York,NY,50954.0,40.723823,-74.042465,6008921,Dentist,1965-11-13,Platinum,gmail.com,2021-05-19
500397,5988044708604164,Sarah,Jackson,F,7897 Park Rd,Columbus,OH,30487.0,39.986338,-82.983104,4255382,Nurse,1994-01-04,Platinum,outlook.com,2020-07-19
500398,7093259867669055,Barbara,Martinez,F,1106 Main St,Austin,TX,87393.0,30.312861,-97.786204,383481,Mechanic,1983-11-23,Gold,outlook.com,2024-01-29
500399,7892254394509409,David,Gonzalez,M,7114 Maple Dr,Charlotte,NC,56840.0,35.182805,-80.864881,3460515,Lawyer,2002-05-23,Bronze,yahoo.com,2017-10-11
500400,6337047961551163,John,Williams,F,1975 Maple Dr,Houston,TX,32253.0,29.736571,-95.395102,170356,Police Officer,2008-02-22,Bronze,hotmail.com,2022-05-18
500401,5636544189837191,Susan,Rodriguez,M,7795 Park Rd,Seattle,WA,12914.0,47.646825,-122.357145,2660114,Dentist,1987-11-26,,hotmail.com,2018-08-13
500402,5398745767542117,Patricia,Miller,F,8238 Park Rd,Austin,TX,97475.0,30.244395,-97.71716,2853263,Chef,1958-10-08,,outlook.com,2019-01-28
500403,6723574337288766,John,Moore,M,4808 Maple Dr,San Antonio,TX,16230.0,29.419074,-98.465929,2499103,Dentist,1968-02-07,Silver,icloud.com,2023-05-01
500404,6207904875225504,Patricia,Jackson,F,4578 Main St,Los Angeles,CA,84242.0,34.008737,-118.244943,6725832,Plumber,2014-05-22,Platinum,yahoo.com,2018-11-23
500405,8419580277005786,Elizabeth,Taylor,F,7192 Park Rd,Denver,CO,51071.0,39.692561,-105.034035,1683367,Pharmacist,1956-11-17,Platinum,outlook.com,2022-01-03
500406,7876477453459273,Sarah,Garcia,M,8557 Oak Ave,Dallas,TX,85608.0,32.817344,-96.833075,4192623,Sales Manager,1990-08-30,Platinum,outlook.com,2025-07-05
500407,6534223454061472,Susan,Jackson,M,8656 Oak Ave,Columbus,OH,57746.0,39.964442,-83.00769,3884619,Mechanic,1997-10-17,Silver,yahoo.com,2023-05-16
500408,4921635184238866,Susan,Hernandez,M,3435 Elm St,Columbus,OH,44987.0,39.945934,-82.958817,6914786,Financial Analyst,1976-12-09,Silver,outlook.com,2022-09-14
500409,3148065211765914,Patricia,Jones,M,553 Oak Ave,Austin,TX,50703.0,30.219382,-97.726721,3898653,Plumber,1971-03-09,,hotmail.com,2019-09-25
500410,2435370347931239,William,Jones,M,4333 Maple Dr,Columbus,OH,96333.0,40.007539,-82.992783,4624657,Chef,1953-04-27,Bronze,hotmail.com,2023-10-10
500411,9075006064833126,John,Hernandez,F,1141 Elm St,New York,NY,57636.0,40.756482,-74.050774,5639393,Software Engineer,1954-12-18,Platinum,yahoo.com,2017-08-24
500412,5505840459901035,Patricia,Taylor,F,8233 Main St,Los Angeles,CA,41205.0,34.044079,-118.267684,5036665,Accountant,2001-03-23,Gold,outlook.com,2024-05-02
500413,8258376145981070,Linda,Wilson,M,2463 Main St,Austin,TX,32957.0,30.290282,-97.69497,1801073,Graphic Designer,2016-02-21,Platinum,hotmail.com,2017-11-07
500414,5416755628843139,Sarah,Lopez,M,5285 Park Rd,Seattle,WA,65545.0,47.581853,-122.316683,3988365,Electrician,2002-11-20,Gold,yahoo.com,2019-01-26
500415,8398203005872494,Elizabeth,Smith,M,995 Oak Ave,San Diego,CA,43158.0,32.68551,-117.154567,4641617,Dentist,2014-03-17,Gold,outlook.com,2025-02-16
500416,5818047592229478,Linda,Anderson,F,228 Elm St,Denver,CO,43493.0,39.735593,-104.943099,2529032,Software Engineer,2011-06-24,Silver,outlook.com,2017-05-11
500417,4952774005379542,David,Wilson,M,4589 Main St,Seattle,WA,74447.0,47.617053,-122.347149,3956800,Pharmacist,1964-05-17,Gold,hotmail.com,2024-10-31
500418,2444246423596901,William,Taylor,M,5864 Elm St,Boston,MA,88920.0,42.32151,-71.093775,6122237,Police Officer,1959-01-03,Platinum,gmail.com,2023-07-19
500419,2654978208819258,Joseph,Jones,M,6664 Oak Ave,New York,NY,92352.0,40.685332,-74.030903,2568118,Police Officer,2007-07-17,,gmail.com,2016-03-29
500420,7427214617808396,Robert,Martin,F,5333 Elm St,Chicago,IL,72700.0,41.913162,-87.623678,7332498,Mechanic,1972-05-24,Gold,yahoo.com,2022-09-16
500421,3538204551833902,Michael,Williams,F,6122 Oak Ave,Austin,TX,61576.0,30.269539,-97.781623,7356692,Dentist,1979-05-23,,yahoo.com,2015-03-26
500422,6512434389928111,Linda,Williams,F,3348 Maple Dr,New York,NY,32119.0,40.748814,-73.983719,422609,Dentist,2000-02-09,,hotmail.com,2021-09-25
500423,9629190975600659,Barbara,Garcia,M,331 Park Rd,Phoenix,AZ,67037.0,33.405167,-112.053216,6492408,Architect,1963-05-23,Platinum,gmail.com,2017-07-08
500424,9521280358154395,William,Martinez,F,6359 Oak Ave,Charlotte,NC,66532.0,35.231454,-80.884927,7188481,Sales Manager,1968-03-23,,yahoo.com,2024-03-29
500425,2705633205992521,Susan,Garcia,F,2491 Main St,Phoenix,AZ,48036.0,33.44423,-112.07553,2201133,Electrician,2015-03-13,,hotmail.com,2025-03-05
500426,7163332112917184,Joseph,Williams,M,7782 Oak Ave,Houston,TX,52368.0,29.726977,-95.32523,5818502,,1983-03-01,Silver,hotmail.com,2022-12-11
500427,3307877471638860,John,Brown,M,953 Maple Dr,San Antonio,TX,40781.0,29.459098,-98.476698,3955467,Lawyer,2016-01-15,,icloud.com,2022-12-16
500428,3284737940903532,Thomas,Martin,F,5056 Elm St,Charlotte,NC,97983.0,35.22333,-80.851923,3116344,Mechanic,1954-01-31,,gmail.com,2021-07-05
500429,5537345914986211,Jessica,Hernandez,F,2261 Main St,Chicago,IL,51591.0,41.893197,-87.625257,5963055,Pharmacist,1973-05-09,Silver,outlook.com,2016-04-23
500430,2151764107628642,Jessica,Rodriguez,F,7146 Maple Dr,Philadelphia,PA,44500.0,39.908827,-75.16395,5146642,Graphic Designer,1953-12-18,,outlook.com,2019-11-20
500431,7637125986905002,Jessica,Jones,F,971 Oak Ave,Boston,MA,29480.0,42.39074,-71.062976,462742,Electrician,1964-10-20,Silver,gmail.com,2020-04-10
500432,5207559153679219,Susan,Brown,F,768 Elm St,Phoenix,AZ,56729.0,33.403596,-112.045372,5952767,Plumber,1964-09-03,Platinum,hotmail.com,2016-04-05
500433,2333552413920604,Patricia,Lopez,M,3437 Maple Dr,Seattle,WA,33678.0,47.576336,-122.356238,7009098,Chef,2014-07-29,,outlook.com,2021-04-26
500434,2913096913220700,Charles,Smith,M,6922 Main St,Boston,MA,42264.0,42.326571,-71.075878,6449576,Plumber,2009-06-29,Bronze,outlook.com,2015-04-17
500435,7130657712979052,Patricia,Gonzalez,F,9772 Main St,Phoenix,AZ,52406.0,33.474075,-112.072061,1294962,Teacher,2011-02-15,Bronze,hotmail.com,2024-04-25
500436,5089768704460945,William,Martin,M,5497 Main St,Charlotte,NC,96005.0,35.197588,-80.805317,5225774,Architect,2009-03-03,Gold,icloud.com,2016-06-13
500437,6797431903184658,Elizabeth,Hernandez,M,1258 Park Rd,Houston,TX,88943.0,29.798358,-95.332742,3204339,Software Engineer,1954-05-15,Platinum,outlook.com,2016-12-30
500438,1184752696265604,Michael,Garcia,F,6692 Maple Dr,Houston,TX,94825.0,29.73428,-95.374676,6317918,Mechanic,1985-10-15,Bronze,outlook.com,2020-07-03
500439,8262986131684716,Elizabeth,Martin,M,5982 Main St,Denver,CO,58163.0,39.787699,-104.963099,4305446,Sales Manager,1988-10-15,Platinum,hotmail.com,2024-12-05
500440,6071567255703776,Karen,Wilson,M,7022 Maple Dr,San Antonio,TX,90460.0,29.376817,-98.53708,1568266,Pharmacist,1992-09-28,Platinum,gmail.com,2015-06-15
500441,5175064579200774,Linda,Jones,F,8738 Park Rd,Dallas,TX,21006.0,32.773093,-96.756078,2443593,Architect,1980-08-29,Platinum,gmail.com,2025-03-04
500442,2338527847977631,Robert,Martinez,M,8670 Elm St,Denver,CO,48729.0,39.74307,-104.990519,4774223,Nurse,1992-11-06,,gmail.com,2025-04-15
500443,5599536774137889,Susan,Wilson,M,7712 Park Rd,New York,NY,43211.0,40.673347,-73.990322,2986794,Graphic Designer,1996-01-23,,gmail.com,2023-08-15
500444,7669973030887490,Joseph,Garcia,M,6538 Main St,Dallas,TX,20917.0,32.80891,-96.808958,3496771,Financial Analyst,1951-06-18,Gold,icloud.com,2023-02-13
500445,5052772673955479,Karen,Rodriguez,F,3166 Oak Ave,San Diego,CA,34259.0,32.743261,-117.114652,661161,Graphic Designer,2017-12-11,Bronze,hotmail.com,2020-12-28
500446,2050945833820791,James,Garcia,F,7639 Elm St,New York,NY,96208.0,40.683177,-74.003667,6248194,Plumber,1950-07-11,Gold,icloud.com,2024-02-13
500447,7069079518428799,Richard,Martinez,M,2149 Oak Ave,Austin,TX,11818.0,30.245914,-97.713815,1605563,Accountant,1982-05-13,Bronze,yahoo.com,2024-08-19
500448,6842278575406864,Robert,Davis,F,8924 Oak Ave,New York,NY,21284.0,40.720559,-73.992542,2529282,Architect,1968-10-09,Silver,hotmail.com,2019-09-25
500449,9128234911032241,Robert,Anderson,F,7824 Main St,New York,NY,68918.0,40.742591,-74.016403,4914233,Electrician,1960-06-13,Silver,outlook.com,2021-05-21
500450,4007052851526771,James,Brown,F,6910 Elm St,Seattle,WA,85846.0,47.647709,-122.328797,5003264,Financial Analyst,1985-02-22,Bronze,hotmail.com,2019-06-26
500451,7526746510645645,Karen,Thomas,M,1094 Park Rd,San Diego,CA,12492.0,32.681495,-117.14151,3545030,Police Officer,1996-01-21,,gmail.com,2018-01-02
500452,9008664099685672,Jessica,Brown,F,5781 Elm St,Boston,MA,67177.0,42.389426,-71.077224,179541,Chef,2008-02-29,Gold,yahoo.com,2020-04-06
500453,5572375935556621,Linda,Jackson,F,9964 Elm St,Philadelphia,PA,27191.0,39.988318,-75.124586,7413595,Financial Analyst,1989-04-22,Platinum,hotmail.com,2024-05-05
500454,4244893896817939,Jessica,Garcia,M,4727 Main St,Columbus,OH,97432.0,39.93889,-82.950448,4055772,Mechanic,2008-07-16,Silver,yahoo.com,2016-10-02
500455,8147053647188890,Susan,Thomas,F,3945 Oak Ave,Austin,TX,82984.0,30.231271,-97.772898,399678,Teacher,1994-02-26,Gold,outlook.com,2019-01-02
500456,8457498495327174,Thomas,Johnson,M,5633 Elm St,Columbus,OH,24938.0,39.929622,-82.959401,5185493,Electrician,1964-03-25,Bronze,icloud.com,2017-07-06
500457,4065369671544798,Barbara,Johnson,F,2576 Park Rd,San Diego,CA,89205.0,32.731129,-117.19589,5621054,Accountant,1973-02-17,Bronze,hotmail.com,2023-12-17
500458,9778952284174013,Patricia,Martin,M,9315 Main St,San Diego,CA,76493.0,32.709732,-117.14957,889252,Chef,2017-10-20,Bronze,yahoo.com,2025-03-20
500459,3631211762915617,Joseph,Taylor,F,1726 Oak Ave,Philadelphia,PA,94815.0,39.910946,-75.126958,3056246,Police Officer,1964-02-02,Silver,gmail.com,2024-07-07
500460,4744743200267214,James,Davis,F,5692 Maple Dr,Houston,TX,76194.0,29.79076,-95.369279,1441648,Software Engineer,1989-05-24,Gold,outlook.com,2023-01-08
500461,6669495818625090,Linda,Jones,F,3838 Oak Ave,Denver,CO,66206.0,39.785913,-104.998524,3472929,Pharmacist,1987-03-27,Platinum,icloud.com,2023-11-29
500462,1268083027047982,Joseph,Jones,M,8576 Main St,Columbus,OH,21112.0,40.009611,-82.982008,2842896,Police Officer,1982-06-16,Platinum,yahoo.com,2019-11-13
500463,1334113061629619,Robert,Jackson,M,8616 Maple Dr,New York,NY,64959.0,40.726267,-74.039405,3377244,Financial Analyst,1985-04-13,Gold,outlook.com,2015-02-02
500464,5753927072649438,Karen,Jones,F,7410 Oak Ave,Seattle,WA,81358.0,47.644393,-122.339351,5242508,Architect,1975-02-06,Gold,hotmail.com,2023-09-12
500465,1332997766377282,Sarah,Hernandez,F,2164 Park Rd,Houston,TX,80882.0,29.726623,-95.418539,2386759,Sales Manager,1977-01-19,Bronze,icloud.com,2021-03-10
500466,7818867636122231,Jennifer,Smith,M,8946 Park Rd,Phoenix,AZ,43907.0,33.454376,-112.07126,2029504,Financial Analyst,1996-10-09,Platinum,icloud.com,2016-03-28
500467,4359496968733488,William,Taylor,F,2128 Main St,Charlotte,NC,95322.0,35.249035,-80.804074,7901557,Accountant,1955-05-19,Platinum,outlook.com,2021-06-02
500468,4053264132207553,Linda,Jackson,M,5839 Maple Dr,Charlotte,NC,47294.0,35.185041,-80.81995,5599550,,1950-06-20,Platinum,icloud.com,2023-04-09
500469,5651781702141775,Charles,Miller,F,7543 Main St,Houston,TX,29209.0,29.729141,-95.333982,5974672,Pharmacist,1959-06-11,Platinum,gmail.com,2016-01-13
500470,2171507685709927,Jessica,Miller,F,1379 Maple Dr,New York,NY,98712.0,40.744706,-74.001921,4419551,Dentist,1988-02-13,,icloud.com,2020-10-26
500471,3375142134799498,Charles,Thomas,F,7310 Elm St,Denver,CO,64646.0,39.760224,-105.008865,6915634,Chef,1985-06-02,Silver,icloud.com,2016-06-04
500472,2165398391958167,Thomas,Taylor,M,3583 Elm St,San Diego,CA,72043.0,32.712817,-117.128936,278530,Chef,2013-10-19,,outlook.com,2025-05-03
500473,4680520050409431,Patricia,Brown,F,9467 Maple Dr,Los Angeles,CA,15279.0,34.048127,-118.25792,4390375,Mechanic,2003-12-22,Bronze,outlook.com,2018-06-02
500474,5376826340334522,James,Jones,M,9760 Elm St,Philadelphia,PA,16376.0,39.952021,-75.132375,7863621,Financial Analyst,1977-03-17,Gold,yahoo.com,2017-01-19
500475,1018788286305483,Patricia,Moore,F,1206 Main St,Seattle,WA,64732.0,47.589721,-122.364724,4041400,Financial Analyst,2016-05-11,,hotmail.com,2025-02-04
500476,8516147564446511,Karen,Jones,M,8370 Elm St,Philadelphia,PA,68973.0,39.973801,-75.132602,5602053,Architect,1983-11-07,Silver,outlook.com,2016-01-01
500477,6616793579999960,Susan,Gonzalez,M,6578 Maple Dr,Denver,CO,80909.0,39.699264,-105.016313,389363,Architect,2006-01-19,Gold,gmail.com,2024-09-16
500478,6152071076122499,Elizabeth,Moore,M,9264 Main St,Chicago,IL,35221.0,41.842297,-87.645006,5195065,Nurse,2013-06-12,,icloud.com,2017-02-14
500479,9078234347171765,James,Brown,M,410 Maple Dr,Denver,CO,36975.0,39.734235,-104.965417,2062613,Architect,1992-09-09,Bronze,icloud.com,2021-10-21
500480,1405176859079043,Jessica,Smith,F,7260 Oak Ave,Philadelphia,PA,64386.0,39.967715,-75.153107,206804,Police Officer,1986-01-18,Platinum,outlook.com,2016-01-08
500481,2514613953924084,Elizabeth,Jones,M,4287 Main St,Los Angeles,CA,30214.0,34.037437,-118.209555,2578576,Pharmacist,1958-11-29,Silver,gmail.com,2021-11-21
500482,7424837399818478,Mary,Martinez,F,1717 Maple Dr,Philadelphia,PA,28672.0,39.949729,-75.11729,3468008,Police Officer,1966-04-13,Gold,hotmail.com,2025-07-23
500483,2824489445253741,Linda,Martin,M,8176 Park Rd,Seattle,WA,76115.0,47.619614,-122.369474,3235022,Accountant,1960-11-07,Gold,gmail.com,2018-07-27
500484,1589593383938510,Jessica,Smith,F,3929 Main St,San Diego,CA,45279.0,32.733318,-117.17859,4652920,Accountant,1999-08-16,Silver,icloud.com,2022-04-22
500485,6118300950043502,Susan,Anderson,M,8299 Oak Ave,Denver,CO,28660.0,39.757833,-105.033336,3136511,Chef,1961-04-07,Silver,icloud.com,2025-09-06
500486,1376430053907758,James,Anderson,F,2842 Main St,San Antonio,TX,17887.0,29.391588,-98.458026,7835822,Plumber,1999-10-22,Gold,icloud.com,2017-10-24
500487,8588010425484877,Michael,Jackson,F,845 Oak Ave,Seattle,WA,80004.0,47.578918,-122.298396,4728470,Software Engineer,2011-01-03,Gold,gmail.com,2019-06-08
500488,2257857754039853,Sarah,Rodriguez,F,3554 Park Rd,Charlotte,NC,76167.0,35.205028,-80.828812,6733138,Police Officer,1961-01-12,Gold,outlook.com,2023-06-11
500489,3215121965559930,David,Hernandez,M,7633 Park Rd,Charlotte,NC,53051.0,35.246515,-80.841835,138165,,1990-08-13,Bronze,icloud.com,2020-05-05
500490,2563074632252601,Susan,Moore,F,6535 Park Rd,New York,NY,20636.0,40.693331,-74.034736,6609394,Software Engineer,1950-11-10,,gmail.com,2025-01-03
500491,7055051100887773,Patricia,Lopez,F,9951 Maple Dr,Seattle,WA,60692.0,47.559519,-122.351705,1491349,Teacher,2010-04-03,Bronze,hotmail.com,2019-02-26
500492,1084337887270770,Linda,Smith,F,5962 Oak Ave,Boston,MA,21792.0,42.375416,-71.01507,6852459,Financial Analyst,1967-04-25,Silver,yahoo.com,2020-07-15
500493,5439086129456647,Karen,Miller,M,3312 Elm St,Philadelphia,PA,24541.0,39.98972,-75.138594,7302386,Graphic Designer,1953-04-20,,icloud.com,2020-07-16
500494,6943294972063082,Charles,Martin,M,1170 Park Rd,Chicago,IL,26809.0,41.906945,-87.613302,6262678,Software Engineer,1999-07-03,Silver,outlook.com,2025-06-20
500495,5711488418310949,William,Miller,M,8831 Park Rd,Austin,TX,43150.0,30.243229,-97.70238,5714960,Architect,1970-06-14,Bronze,hotmail.com,2022-03-10
500496,8690882195579225,David,Wilson,F,4589 Main St,Columbus,OH,99151.0,39.978273,-82.992756,4352775,Architect,2008-04-26,Platinum,outlook.com,2020-10-19
500497,7496176190840928,Linda,Johnson,F,6982 Park Rd,Denver,CO,68833.0,39.700299,-104.995594,2657829,Teacher,1953-11-25,Platinum,yahoo.com,2018-10-02
500498,1228530088814324,Linda,Wilson,M,4195 Oak Ave,Los Angeles,CA,31558.0,34.048236,-118.207244,2766736,Financial Analyst,2001-04-20,Bronze,gmail.com,2015-04-25
500499,1216383922959807,Charles,Hernandez,F,4149 Main St,San Diego,CA,72072.0,32.720365,-117.17306,2004501,Police Officer,1988-10-02,Bronze,outlook.com,2020-10-29
500500,1656726026900865,Karen,Martin,F,1667 Elm St,Denver,CO,85882.0,39.78688,-105.029228,1052119,Software Engineer,1971-03-29,Bronze,gmail.com,2019-03-26
500501,8049450361303155,Robert,Johnson,F,997 Maple Dr,Philadelphia,PA,90050.0,39.944855,-75.210998,5257822,Pharmacist,2012-03-16,Bronze,gmail.com,2022-08-07
500502,3656373072277348,Richard,Gonzalez,M,6835 Oak Ave,New York,NY,88587.0,40.73679,-73.964192,6610817,Teacher,2000-03-04,Platinum,hotmail.com,2020-03-16
500503,6586364661997741,Karen,Brown,F,525 Elm St,Denver,CO,77792.0,39.717204,-104.954466,2758088,Sales Manager,1988-05-29,Bronze,gmail.com,2015-02-20
500504,6340246661830695,Michael,Jackson,M,8437 Maple Dr,Austin,TX,56581.0,30.246422,-97.702023,3536662,Plumber,2013-12-29,,hotmail.com,2017-01-31
500505,1396957185597028,Mary,Jones,F,9676 Elm St,Houston,TX,77256.0,29.785796,-95.339309,5471897,Lawyer,1962-05-09,Gold,icloud.com,2024-12-04
500506,5229091720731054,Elizabeth,Martin,F,4868 Maple Dr,Dallas,TX,11059.0,32.728501,-96.750719,4347619,Mechanic,1963-01-24,Bronze,yahoo.com,2020-09-08
500507,1491859047868517,Susan,Lopez,M,3382 Oak Ave,Seattle,WA,18965.0,47.628867,-122.351625,2870145,Sales Manager,2000-03-11,Platinum,hotmail.com,2021-09-22
500508,6209863413906859,Charles,Hernandez,F,6959 Maple Dr,Charlotte,NC,31270.0,35.260039,-80.864948,884527,Architect,1979-09-16,Bronze,hotmail.com,2017-06-17
500509,3008831962266833,Linda,Anderson,M,4016 Elm St,Boston,MA,53452.0,42.397375,-71.097642,6776882,Dentist,1950-05-02,Silver,hotmail.com,2017-01-24
500510,1089100654843326,John,Lopez,M,9188 Main St,Seattle,WA,28664.0,47.626569,-122.32803,2442529,,1950-08-09,Silver,icloud.com,2025-03-27
500511,9784801741756589,James,Miller,M,4754 Oak Ave,Denver,CO,38697.0,39.698853,-105.016111,7432124,Graphic Designer,1982-04-16,Silver,outlook.com,2024-07-03
500512,2765296749995048,James,Garcia,F,1757 Main St,Dallas,TX,98795.0,32.72794,-96.800123,1156282,Dentist,1972-01-25,Bronze,outlook.com,2025-07-01
500513,3163076338664365,Barbara,Lopez,M,8733 Park Rd,Houston,TX,66848.0,29.740527,-95.359964,7373451,Software Engineer,1977-05-15,Bronze,yahoo.com,2024-11-24
500514,2708137677484412,Michael,Moore,F,6231 Maple Dr,Boston,MA,88584.0,42.339824,-71.078908,3608244,Electrician,1961-09-25,Bronze,icloud.com,2021-08-02
500515,8111973184442228,Robert,Hernandez,M,972 Maple Dr,Houston,TX,26575.0,29.784719,-95.414986,7147921,Plumber,1998-01-15,Silver,gmail.com,2023-10-19
500516,1584324351603401,Jennifer,Taylor,F,8442 Maple Dr,San Diego,CA,75350.0,32.755989,-117.125874,4357784,Architect,2009-07-11,Silver,outlook.com,2022-12-28
500517,5353154200855248,Jessica,Thomas,F,9622 Elm St,Philadelphia,PA,93637.0,39.96938,-75.155878,7732461,Nurse,1997-02-21,Silver,yahoo.com,2025-01-13
500518,3111151931955320,Richard,Miller,F,7063 Elm St,Houston,TX,84890.0,29.79963,-95.401267,1323767,Lawyer,1990-07-23,Gold,icloud.com,2015-12-14
500519,3657554324971128,Joseph,Taylor,F,3871 Park Rd,Chicago,IL,15392.0,41.835997,-87.655849,3907825,Police Officer,2017-06-07,Platinum,hotmail.com,2020-03-30
500520,8246332961309499,Jessica,Hernandez,F,6364 Main St,San Antonio,TX,33536.0,29.453558,-98.540133,3710151,Electrician,1986-09-09,Gold,gmail.com,2019-01-10
500521,8589496239785239,Thomas,Taylor,M,4628 Oak Ave,Boston,MA,22898.0,42.368381,-71.009356,999787,Software Engineer,1957-05-24,Gold,gmail.com,2021-02-14
500522,7080824132200909,David,Rodriguez,F,4596 Oak Ave,Houston,TX,89171.0,29.79597,-95.367655,1161496,Graphic Designer,1979-12-11,Bronze,outlook.com,2018-02-28
500523,9978757049849817,Richard,Gonzalez,M,7833 Park Rd,Seattle,WA,29566.0,47.562564,-122.298963,7265056,Dentist,1981-02-05,Silver,yahoo.com,2023-02-10
500524,3105193142733067,Thomas,Jackson,F,7659 Maple Dr,Charlotte,NC,21255.0,35.236998,-80.881607,2631262,Sales Manager,1968-10-30,Platinum,hotmail.com,2017-05-08
500525,6030041727175619,James,Lopez,M,9561 Oak Ave,San Diego,CA,,32.675086,-117.120137,7918426,Teacher,1990-05-15,Platinum,outlook.com,2018-10-23
500526,7176800455258483,Richard,Moore,F,5442 Park Rd,Houston,TX,13046.0,29.77732,-95.336871,4766184,Nurse,1987-08-09,Silver,yahoo.com,2025-09-07
500527,8198067245524480,Karen,Martin,F,6347 Oak Ave,Philadelphia,PA,61201.0,39.990498,-75.158023,539431,Dentist,2000-12-22,Silver,hotmail.com,2016-03-20
500528,5067071872832517,Elizabeth,Williams,M,1809 Park Rd,Philadelphia,PA,33283.0,39.954345,-75.172157,273931,Plumber,2001-02-03,Bronze,yahoo.com,2017-03-26
500529,2854512262825351,Linda,Martinez,M,7549 Main St,Los Angeles,CA,58319.0,34.033895,-118.25024,4354759,Teacher,1984-08-14,Silver,outlook.com,2024-08-22
500530,2414450374474154,Patricia,Jones,F,7935 Main St,Boston,MA,60986.0,42.387488,-71.048708,7584841,Sales Manager,1986-11-11,Silver,yahoo.com,2018-06-22
500531,5276437367380433,Jennifer,Martin,F,9725 Oak Ave,San Antonio,TX,75860.0,29.463352,-98.499262,6017719,Architect,2013-09-01,Gold,yahoo.com,2015-01-31
500532,8427179845539642,Richard,Martin,M,8715 Maple Dr,Chicago,IL,84609.0,41.888809,-87.616669,7380594,Plumber,1989-12-27,Platinum,hotmail.com,2021-06-17
500533,3593275874804060,Joseph,Lopez,F,6507 Park Rd,New York,NY,32954.0,40.72197,-73.985737,3486714,Electrician,2016-02-23,Silver,icloud.com,2023-03-23
500534,9204054907414435,Jennifer,Jackson,M,6547 Main St,San Antonio,TX,41417.0,29.397843,-98.492364,7433463,Chef,1991-01-28,Gold,icloud.com,2018-04-10
500535,7544072868299475,Michael,Thomas,F,9157 Main St,Columbus,OH,58330.0,39.921622,-83.010349,647010,Accountant,1955-12-28,,outlook.com,2019-08-07
500536,2867839412981795,Thomas,Johnson,F,537 Main St,San Diego,CA,93737.0,32.714467,-117.145878,5830768,Architect,1964-10-15,Platinum,outlook.com,2023-05-14
500537,1340244717925102,James,Rodriguez,M,2336 Maple Dr,San Antonio,TX,97856.0,29.469153,-98.483535,6285349,Architect,1967-06-11,Platinum,hotmail.com,2015-10-07
500538,3182387374137896,Joseph,Jones,F,4673 Oak Ave,Los Angeles,CA,32359.0,34.076559,-118.243073,7038813,Teacher,1999-03-15,,gmail.com,2016-12-26
500539,7678354319053505,Richard,Garcia,M,283 Maple Dr,Phoenix,AZ,30119.0,33.46181,-112.116907,3701507,Lawyer,1961-02-20,Silver,yahoo.com,2023-01-05
500540,2947056990370828,Joseph,Johnson,M,6499 Maple Dr,New York,NY,68194.0,40.688239,-74.019815,444691,Teacher,2010-07-24,Bronze,hotmail.com,2023-08-09
500541,9185350281803536,Linda,Miller,M,362 Elm St,Houston,TX,13662.0,29.757649,-95.415235,127137,Police Officer,1972-05-27,Silver,gmail.com,2017-06-22
500542,8524481182677203,Jennifer,Garcia,M,6910 Park Rd,Boston,MA,24114.0,42.324102,-71.081219,6846952,Police Officer,1958-09-01,Gold,icloud.com,2022-01-11
500543,9415671478502755,Sarah,Gonzalez,F,2079 Oak Ave,Houston,TX,38020.0,29.807553,-95.386665,893230,Lawyer,2006-01-16,Gold,yahoo.com,2015-03-03
500544,1107916706520727,Richard,Miller,F,3706 Main St,San Antonio,TX,96240.0,29.422304,-98.52399,6842427,,2008-09-03,,outlook.com,2015-06-29
500545,3715980169847916,Karen,Thomas,M,8884 Park Rd,Los Angeles,CA,32473.0,34.063278,-118.265632,2118427,Accountant,1969-08-10,,outlook.com,2022-01-28
500546,9327639555826532,Robert,Hernandez,M,5309 Elm St,Charlotte,NC,18849.0,35.197799,-80.841443,2816066,Teacher,1984-11-10,,icloud.com,2020-01-13
500547,7681666193839516,Linda,Taylor,M,3911 Main St,San Antonio,TX,90786.0,29.374651,-98.542834,6371458,Accountant,1995-11-06,Gold,yahoo.com,2023-04-11
500548,6582354724225867,John,Johnson,M,6236 Elm St,San Antonio,TX,48877.0,29.396007,-98.539928,1699597,Mechanic,2017-12-08,Platinum,yahoo.com,2022-03-14
500549,7533001410546331,Karen,Anderson,F,2299 Maple Dr,New York,NY,51620.0,40.673603,-74.022114,5403925,Nurse,1971-05-11,,hotmail.com,2022-04-08
500550,1213411558595265,Linda,Hernandez,F,4069 Oak Ave,Seattle,WA,80688.0,47.636459,-122.324895,458605,Electrician,1975-11-18,Silver,icloud.com,2024-10-14
500551,2653228782931289,Joseph,Smith,M,8155 Main St,San Antonio,TX,35226.0,29.425367,-98.514251,442104,Mechanic,1996-10-13,Silver,yahoo.com,2016-01-11
500552,8486972167798355,Michael,Davis,M,7083 Elm St,Chicago,IL,50824.0,41.921275,-87.640098,1382063,Sales Manager,2003-03-03,Silver,hotmail.com,2016-12-23
500553,3570229990818306,Charles,Anderson,M,4554 Elm St,Austin,TX,20487.0,30.225909,-97.731393,7982676,Lawyer,1972-05-03,Platinum,hotmail.com,2016-11-18
500554,5551271284859708,Karen,Wilson,M,7997 Main St,San Diego,CA,59993.0,32.677084,-117.176578,3590268,Software Engineer,1989-08-07,Gold,icloud.com,2021-01-09
500555,2582561130552936,William,Gonzalez,F,5111 Elm St,Chicago,IL,47122.0,41.878841,-87.592378,3151960,Plumber,1999-08-07,Bronze,outlook.com,2016-07-13
500556,2393631828798833,Michael,Smith,M,8303 Maple Dr,Charlotte,NC,,35.226455,-80.822874,3398655,Pharmacist,1992-02-06,Platinum,outlook.com,2019-04-23
500557,9894807008855234,Charles,Williams,F,736 Main St,San Diego,CA,60439.0,32.764982,-117.197951,7824269,Chef,1977-08-13,Silver,hotmail.com,2025-09-25
500558,4139718684676417,Thomas,Thomas,F,1045 Elm St,Phoenix,AZ,65579.0,33.425873,-112.084542,6176198,Electrician,2017-06-05,Silver,hotmail.com,2015-05-22
500559,7364117745409505,James,Jones,F,7562 Oak Ave,Boston,MA,43330.0,42.352283,-71.067798,2080465,Chef,1982-06-04,Bronze,gmail.com,2023-08-24
500560,9258546561714623,Richard,Gonzalez,M,8595 Oak Ave,Los Angeles,CA,65436.0,34.092961,-118.222297,1396029,Pharmacist,2007-10-24,Gold,outlook.com,2020-08-12
500561,4447853229509990,Charles,Martinez,F,1556 Main St,Dallas,TX,93385.0,32.787491,-96.816063,4808415,Lawyer,2009-01-28,Silver,outlook.com,2023-05-25
500562,7296114527559771,Elizabeth,Smith,M,8156 Main St,Houston,TX,22697.0,29.792779,-95.324294,590872,Pharmacist,2017-02-17,,hotmail.com,2022-05-04
500563,2536934422951537,Jennifer,Lopez,M,2300 Oak Ave,Phoenix,AZ,73762.0,33.48052,-112.123843,1531595,Accountant,2015-10-07,Platinum,icloud.com,2024-02-18
500564,1531262547745821,Jennifer,Miller,F,6797 Elm St,Houston,TX,92160.0,29.77404,-95.414686,7663559,Accountant,1966-08-27,Silver,gmail.com,2018-04-15
500565,3492851093709255,John,Hernandez,M,9695 Oak Ave,Los Angeles,CA,72638.0,34.027961,-118.287748,4075105,Accountant,1983-11-21,Bronze,gmail.com,2017-12-25
500566,6246202330386309,Mary,Brown,M,8657 Main St,Denver,CO,59239.0,39.74958,-104.971641,5063203,Graphic Designer,1950-08-25,Platinum,hotmail.com,2023-06-28
500567,4031372582136892,Barbara,Hernandez,F,4025 Maple Dr,Philadelphia,PA,97173.0,39.914049,-75.176816,3347619,Dentist,2004-03-22,,gmail.com,2025-12-08
500568,1902320257218914,James,Anderson,F,2375 Main St,Philadelphia,PA,88893.0,39.948224,-75.178295,1035914,Graphic Designer,1979-08-18,Silver,outlook.com,2020-01-26
500569,8834942300756657,Jessica,Taylor,F,3179 Main St,Austin,TX,93633.0,30.229303,-97.751205,7906546,Police Officer,2011-07-24,Bronze,outlook.com,2024-10-17
500570,7106246597156480,Joseph,Davis,F,6656 Park Rd,New York,NY,,40.737918,-74.048899,2927037,Pharmacist,2016-01-06,Platinum,gmail.com,2023-03-27
500571,2757099498389024,Robert,Taylor,M,2194 Elm St,San Antonio,TX,21415.0,29.382118,-98.508123,2532892,Architect,1976-05-13,Silver,hotmail.com,2025-09-16
500572,5869903054203341,Linda,Davis,M,2892 Main St,Los Angeles,CA,23824.0,34.096373,-118.226843,3653150,Teacher,1993-04-04,Silver,outlook.com,2025-02-14
500573,7477752226713680,William,Thomas,M,2324 Park Rd,San Antonio,TX,93040.0,29.441967,-98.507408,6090217,Plumber,1975-02-25,Bronze,outlook.com,2024-10-11
500574,9321279089094600,Karen,Williams,F,6276 Elm St,Houston,TX,95710.0,29.769766,-95.418787,5391343,Pharmacist,2001-09-03,Silver,yahoo.com,2017-11-27
500575,2003244607387662,John,Hernandez,M,2002 Park Rd,Los Angeles,CA,58200.0,34.06581,-118.202371,1073855,Police Officer,1976-02-08,Platinum,icloud.com,2023-04-07
500576,6314786071392498,Sarah,Miller,F,7041 Maple Dr,New York,NY,,40.724057,-73.96863,6695067,Mechanic,1977-11-19,,icloud.com,2021-08-16
500577,1082761422680384,Sarah,Anderson,F,2470 Maple Dr,Houston,TX,38692.0,29.782797,-95.407744,4197900,Architect,1959-07-25,Silver,icloud.com,2018-03-06
500578,8648261575044217,Mary,Martin,F,5160 Park Rd,Chicago,IL,26182.0,41.918345,-87.673156,2298886,Plumber,2017-01-08,Silver,hotmail.com,2018-04-08
500579,9837346435684199,David,Jones,M,3787 Main St,Charlotte,NC,33464.0,35.230497,-80.878886,7192181,Plumber,1983-10-18,Platinum,outlook.com,2024-02-21
500580,1194248447512998,Sarah,Gonzalez,F,7021 Elm St,Columbus,OH,55653.0,39.912371,-83.006597,6361167,Dentist,1964-04-13,Platinum,gmail.com,2020-12-02
500581,7272397221626668,Michael,Moore,F,1694 Oak Ave,Charlotte,NC,52391.0,35.206604,-80.8445,6315468,Nurse,1975-05-24,Gold,hotmail.com,2022-05-05
500582,4980133899121120,Jessica,Martinez,M,3536 Oak Ave,Chicago,IL,35644.0,41.88582,-87.675426,6173301,,2001-10-12,Gold,icloud.com,2016-02-22
500583,9560425489003983,Susan,Garcia,M,1673 Maple Dr,Columbus,OH,72111.0,39.9235,-82.992936,1511869,Nurse,1963-03-30,Bronze,icloud.com,2022-04-16
500584,9734522234301423,Robert,Gonzalez,M,656 Main St,Philadelphia,PA,41569.0,39.936917,-75.142283,3332297,Plumber,2003-03-28,Gold,icloud.com,2025-09-14
500585,4381048700662108,John,Anderson,F,4609 Elm St,Chicago,IL,58145.0,41.893329,-87.59524,102328,Accountant,2008-07-25,Bronze,gmail.com,2016-05-14
500586,9182847579223898,Thomas,Davis,M,9714 Park Rd,San Diego,CA,85055.0,32.734949,-117.168107,4027323,Graphic Designer,2007-07-18,Bronze,icloud.com,2017-01-11
500587,6806014099947363,Susan,Martinez,M,1729 Maple Dr,San Antonio,TX,18322.0,29.441397,-98.516062,5992521,Chef,1993-06-09,Platinum,gmail.com,2019-06-01
500588,8315616865307078,Thomas,Thomas,M,8601 Park Rd,Dallas,TX,80645.0,32.757331,-96.768101,5992361,Accountant,1998-02-15,Silver,gmail.com,2017-01-10
500589,2620734664878897,James,Moore,F,5249 Main St,Seattle,WA,15130.0,47.600842,-122.302262,1085586,Sales Manager,2003-10-01,Silver,gmail.com,2021-04-22
500590,1762099147348799,Patricia,Taylor,F,6056 Park Rd,Phoenix,AZ,32492.0,33.480642,-112.038244,3553811,Teacher,2017-07-24,Silver,outlook.com,2015-07-09
500591,5810765634538783,Joseph,Jones,F,5227 Park Rd,Dallas,TX,56152.0,32.818364,-96.803901,5089940,Sales Manager,1976-04-28,Bronze,gmail.com,2017-08-29
500592,3699537877847908,Michael,Jones,M,9795 Maple Dr,New York,NY,46358.0,40.694687,-73.99778,1082869,Pharmacist,1966-11-15,Bronze,icloud.com,2017-11-10
500593,9139446852993499,Jennifer,Gonzalez,F,1464 Maple Dr,Phoenix,AZ,98673.0,33.435517,-112.063893,3573038,Mechanic,1984-04-02,,yahoo.com,2015-10-17
500594,9965397495111848,Michael,Lopez,M,6976 Oak Ave,Columbus,OH,51465.0,39.981759,-82.979959,6613411,Pharmacist,2015-09-25,Platinum,gmail.com,2025-10-23
500595,3433069241378534,Patricia,Moore,M,9084 Elm St,Austin,TX,18645.0,30.254655,-97.776414,2767851,Software Engineer,1972-03-16,Gold,outlook.com,2023-09-22
500596,8188623639006757,Linda,Rodriguez,M,1704 Elm St,Phoenix,AZ,39127.0,33.441453,-112.109741,3181198,Accountant,1963-02-16,Bronze,yahoo.com,2020-11-26
500597,8398002091974303,Jessica,Brown,F,9474 Maple Dr,Charlotte,NC,82291.0,35.26611,-80.858512,2278765,Accountant,1977-07-03,Bronze,yahoo.com,2018-07-26
500598,4109041702210903,Sarah,Moore,F,7912 Park Rd,Denver,CO,26721.0,39.704646,-105.037755,2178161,Teacher,1984-12-13,,yahoo.com,2022-05-17
500599,6112133695640725,William,Johnson,F,4181 Park Rd,Chicago,IL,64820.0,41.892682,-87.61611,5933957,Architect,1962-10-20,Silver,hotmail.com,2018-12-20
500600,3583442165471387,William,Wilson,M,5100 Main St,Denver,CO,50063.0,39.72326,-105.033129,3415093,Police Officer,1992-01-18,Bronze,gmail.com,2015-11-11
500601,1843376721317095,Jennifer,Jackson,M,1485 Maple Dr,Charlotte,NC,82634.0,35.218063,-80.861978,7802957,Plumber,1971-07-15,Bronze,hotmail.com,2022-08-05
500602,5320355433642096,Jessica,Taylor,M,6743 Main St,Dallas,TX,90777.0,32.794412,-96.786422,1600379,Teacher,2015-07-25,Platinum,icloud.com,2023-05-29
500603,7656168491832396,Thomas,Martin,M,7450 Oak Ave,Philadelphia,PA,98410.0,39.939059,-75.193411,7807960,Electrician,1971-11-29,Silver,gmail.com,2019-02-12
500604,4182169245668247,Mary,Wilson,F,6311 Oak Ave,Seattle,WA,58927.0,47.655004,-122.3367,954871,Police Officer,1961-12-17,Silver,icloud.com,2024-07-16
500605,3694753921642200,Jessica,Martinez,F,3590 Main St,Denver,CO,92729.0,39.758027,-105.026245,4776792,Dentist,1960-07-29,Silver,outlook.com,2025-06-02
500606,8437489706481024,Mary,Anderson,F,1042 Maple Dr,Boston,MA,10772.0,42.358659,-71.106146,5168441,Architect,2007-09-07,Gold,outlook.com,2018-12-20
500607,9018172867730557,Jennifer,Gonzalez,F,245 Main St,Los Angeles,CA,66466.0,34.052746,-118.197298,4132582,Sales Manager,1950-06-18,Bronze,icloud.com,2020-10-07
500608,2115473490272840,Jessica,Smith,M,4198 Oak Ave,Boston,MA,71695.0,42.348521,-71.105,3321510,Lawyer,1963-10-16,Gold,outlook.com,2019-10-21
500609,8309735994019349,William,Brown,F,7298 Oak Ave,Boston,MA,28333.0,42.313196,-71.070101,2972367,Pharmacist,1966-05-06,Bronze,outlook.com,2024-11-28
500610,1996785452389339,Michael,Martinez,M,2290 Elm St,Seattle,WA,65188.0,47.572202,-122.379765,6245486,Police Officer,2013-08-17,Bronze,yahoo.com,2022-06-21
500611,6991977421034217,William,Brown,F,8112 Park Rd,Houston,TX,74955.0,29.786021,-95.373948,6714377,Mechanic,1992-12-31,Gold,hotmail.com,2020-08-17
500612,8436700839245967,Richard,Jones,M,1867 Main St,Charlotte,NC,26531.0,35.206024,-80.803092,1309780,Lawyer,2016-07-23,,gmail.com,2023-08-10
500613,7109672806448009,David,Wilson,M,7216 Elm St,Columbus,OH,47940.0,39.922814,-82.953208,2372461,Plumber,1971-03-21,Bronze,hotmail.com,2017-10-11
500614,5604839433603295,Jennifer,Davis,F,1984 Maple Dr,Austin,TX,42421.0,30.248597,-97.70426,5594584,Pharmacist,1963-09-06,Silver,hotmail.com,2022-12-03
500615,7579368922856513,Thomas,Martin,M,3191 Park Rd,Denver,CO,92432.0,39.749494,-104.957629,5327380,Mechanic,1959-04-01,Silver,gmail.com,2016-06-25
500616,9920716969495491,Michael,Jones,F,389 Park Rd,San Antonio,TX,36167.0,29.472501,-98.514759,767821,Nurse,1953-06-11,Platinum,hotmail.com,2020-11-20
500617,9828174852987441,Linda,Davis,F,7080 Elm St,Phoenix,AZ,18041.0,33.494514,-112.085052,4282046,Pharmacist,2012-10-24,Bronze,outlook.com,2016-03-26
500618,9493775774188433,Barbara,Wilson,M,5340 Main St,Phoenix,AZ,33822.0,33.436951,-112.089961,348002,Teacher,1982-08-14,Bronze,outlook.com,2017-05-18
500619,9182875974829562,Karen,Brown,F,3128 Maple Dr,Phoenix,AZ,74393.0,33.452541,-112.108585,3054940,Police Officer,1992-05-08,Gold,gmail.com,2016-02-01
500620,5969885685158092,Robert,Hernandez,F,6020 Park Rd,Columbus,OH,79319.0,39.966571,-82.99463,5077707,Lawyer,1951-03-24,Silver,outlook.com,2017-05-10
500621,8991130626246719,Patricia,Jones,M,772 Park Rd,Austin,TX,95767.0,30.29339,-97.709735,6861924,Sales Manager,1984-06-15,Silver,hotmail.com,2025-05-18
500622,5923148962823168,Karen,Hernandez,F,7869 Oak Ave,Los Angeles,CA,79934.0,34.046244,-118.263467,6051252,Mechanic,1956-09-19,Bronze,yahoo.com,2017-02-24
500623,3274549016797026,Sarah,Lopez,F,7447 Main St,San Antonio,TX,67163.0,29.400033,-98.524138,572980,Plumber,1999-05-22,Platinum,icloud.com,2025-06-11
500624,6396695843881649,William,Jones,F,844 Park Rd,Dallas,TX,17968.0,32.732465,-96.812755,6668829,Sales Manager,1951-12-18,Platinum,hotmail.com,2022-09-05
500625,1675413549825518,Jennifer,Anderson,F,9315 Elm St,Dallas,TX,62540.0,32.753725,-96.750358,5098716,Graphic Designer,1996-01-25,Silver,yahoo.com,2015-01-15
500626,6333276575285031,James,Taylor,F,8354 Park Rd,Chicago,IL,43925.0,41.883871,-87.645072,2550188,Electrician,2001-04-22,Gold,outlook.com,2021-03-11
500627,1410840353435840,Sarah,Davis,F,740 Oak Ave,Los Angeles,CA,46406.0,34.060247,-118.27978,7783319,Mechanic,1965-05-08,Gold,gmail.com,2022-03-16
500628,2046501142509202,James,Lopez,F,5417 Main St,Houston,TX,81994.0,29.754804,-95.357177,2219912,Mechanic,1968-11-02,Platinum,icloud.com,2018-04-22
500629,8349172768250717,James,Lopez,M,4682 Oak Ave,Philadelphia,PA,43552.0,39.95149,-75.175022,136185,Accountant,1955-02-20,Platinum,outlook.com,2024-10-03
500630,5961866643546897,Michael,Anderson,M,5412 Maple Dr,Columbus,OH,36728.0,40.010585,-82.960769,4884349,Dentist,2006-11-27,Silver,hotmail.com,2017-08-07
500631,4320415310335430,Robert,Thomas,M,8225 Oak Ave,Charlotte,NC,70213.0,35.239441,-80.836162,1557127,Chef,2015-02-27,Silver,icloud.com,2020-07-02
500632,3540428692211118,James,Martinez,M,3011 Elm St,Charlotte,NC,89668.0,35.239166,-80.872969,1580783,Software Engineer,1966-03-09,Silver,gmail.com,2019-10-13
500633,6810716699054087,Richard,Brown,M,293 Park Rd,Houston,TX,23071.0,29.749914,-95.415854,3174846,Dentist,1990-10-28,Bronze,gmail.com,2024-04-08
500634,1393977069505092,Robert,Davis,M,4485 Oak Ave,New York,NY,92232.0,40.710355,-74.001698,5035121,Teacher,2007-10-27,Bronze,gmail.com,2021-01-30
500635,7372197531377453,John,Miller,M,7971 Park Rd,Charlotte,NC,68238.0,35.199875,-80.796697,6845615,Chef,1980-05-11,Gold,outlook.com,2020-05-15
500636,5895648777100146,William,Moore,M,447 Main St,Chicago,IL,23476.0,41.919045,-87.607586,4573789,Financial Analyst,1971-11-16,Bronze,icloud.com,2024-12-09
500637,1010901236174051,Linda,Smith,M,7098 Elm St,Seattle,WA,29316.0,47.609539,-122.295103,2968778,Financial Analyst,1987-04-05,Silver,hotmail.com,2022-09-13
500638,9121022186391397,Patricia,Thomas,M,1904 Oak Ave,Boston,MA,23334.0,42.323165,-71.029849,2369029,Lawyer,2014-02-18,Bronze,icloud.com,2018-09-28
500639,9328980639689840,John,Johnson,M,3017 Elm St,Los Angeles,CA,79531.0,34.014682,-118.214279,2813875,Chef,1982-05-05,Platinum,yahoo.com,2025-01-06
500640,6627323281000568,Elizabeth,Lopez,M,4541 Elm St,Columbus,OH,96734.0,39.938777,-82.961091,3101340,Graphic Designer,2011-08-25,Bronze,gmail.com,2024-08-30
500641,6907408733657794,Robert,Hernandez,M,6499 Elm St,Boston,MA,72709.0,42.404504,-71.09402,6838777,Software Engineer,1963-05-03,Bronze,icloud.com,2019-10-17
500642,1814674313016151,David,Jones,M,6408 Maple Dr,Charlotte,NC,51853.0,35.223368,-80.795001,4150704,Pharmacist,1974-12-26,Platinum,hotmail.com,2021-09-30
500643,2244987897280710,Linda,Gonzalez,F,9100 Elm St,Denver,CO,80614.0,39.737541,-104.953945,4482592,Plumber,2007-02-11,,icloud.com,2024-03-18
500644,6232855368595598,Susan,Taylor,M,1529 Oak Ave,Houston,TX,57409.0,29.769273,-95.382267,29042,Sales Manager,1984-07-04,Bronze,outlook.com,2021-04-06
500645,1992201530171138,Mary,Lopez,F,2383 Maple Dr,San Diego,CA,70344.0,32.694278,-117.190778,1214135,Pharmacist,1961-12-26,Silver,yahoo.com,2024-04-13
500646,2241205807191681,Patricia,Jones,F,531 Elm St,Houston,TX,58717.0,29.78658,-95.381146,458683,Accountant,1955-01-05,,gmail.com,2020-05-07
500647,2424700225328222,James,Jones,F,2414 Main St,Seattle,WA,42118.0,47.607328,-122.332867,651470,Teacher,2003-04-14,,hotmail.com,2016-09-05
500648,7697376450510961,Robert,Taylor,F,7803 Elm St,Denver,CO,54215.0,39.746928,-104.953742,3729320,Teacher,1966-05-14,Gold,gmail.com,2016-09-30
500649,6441908385576232,Jennifer,Taylor,M,278 Elm St,New York,NY,65524.0,40.760874,-74.015242,5708444,Architect,2007-08-21,,outlook.com,2025-04-22
500650,7389280563281374,Linda,Wilson,M,4553 Main St,Austin,TX,78354.0,30.299952,-97.716647,3172205,Mechanic,1995-01-10,Silver,hotmail.com,2021-12-10
500651,2654564821216819,Sarah,Martin,M,7774 Elm St,New York,NY,51050.0,40.720153,-73.960395,5480244,Dentist,1969-08-22,Platinum,yahoo.com,2015-08-12
500652,4821050496986037,Michael,Rodriguez,M,1810 Main St,Denver,CO,57540.0,39.709247,-105.029374,5064925,Police Officer,1983-04-30,Bronze,yahoo.com,2018-03-01
500653,1588342257337002,Michael,Martin,M,5164 Oak Ave,Chicago,IL,82311.0,41.913496,-87.635885,1697199,Nurse,1998-08-03,Silver,outlook.com,2015-12-15
500654,6077712393528774,Jessica,Johnson,M,5254 Main St,Austin,TX,50449.0,30.301897,-97.703791,76124,Lawyer,2000-09-02,Gold,hotmail.com,2020-08-10
500655,4518586466909246,Barbara,Jones,M,5528 Elm St,Houston,TX,76005.0,29.716646,-95.331454,852273,Mechanic,1978-03-19,Bronze,icloud.com,2023-12-05
500656,8825566075687457,Mary,Martinez,M,2582 Elm St,San Antonio,TX,20322.0,29.418932,-98.492557,7430628,Software Engineer,1992-10-15,Silver,yahoo.com,2024-01-21
500657,7924965354902180,Jennifer,Taylor,F,7431 Oak Ave,Columbus,OH,54436.0,39.973859,-82.956162,2444756,Lawyer,2008-09-10,,hotmail.com,2015-06-13
500658,7150778745017654,Richard,Davis,M,1328 Oak Ave,Boston,MA,84304.0,42.312012,-71.061216,5271281,Plumber,2013-12-11,Bronze,gmail.com,2016-08-07
500659,8814046804941732,John,Thomas,M,7551 Maple Dr,Denver,CO,32245.0,39.757972,-104.968029,7840429,Financial Analyst,1977-10-09,Silver,gmail.com,2018-02-21
500660,1803705862904648,John,Garcia,F,4326 Elm St,Austin,TX,43557.0,30.286453,-97.779656,6406735,Architect,1982-08-06,Silver,gmail.com,2025-11-24
500661,4273864761228886,Elizabeth,Gonzalez,F,2213 Elm St,Austin,TX,58068.0,30.24714,-97.757228,4303987,Police Officer,1993-10-21,Gold,gmail.com,2022-08-26
500662,3367340662046557,Mary,Martin,M,4111 Park Rd,San Antonio,TX,11041.0,29.454544,-98.515724,1301561,Accountant,1995-05-23,Gold,hotmail.com,2016-10-10
500663,1657335526919391,Linda,Gonzalez,F,1631 Maple Dr,Austin,TX,71063.0,30.23827,-97.697355,3934968,Architect,1985-10-27,Bronze,gmail.com,2017-01-08
500664,9642843939614313,Richard,Wilson,M,6678 Maple Dr,Charlotte,NC,18450.0,35.177986,-80.793318,2666578,Police Officer,1959-09-21,,hotmail.com,2017-05-20
500665,2029759109268705,William,Anderson,M,9030 Oak Ave,Charlotte,NC,71599.0,35.244782,-80.810253,1225658,Sales Manager,2016-07-03,Gold,icloud.com,2015-05-09
500666,9434877950686870,Barbara,Wilson,F,3596 Main St,Austin,TX,37720.0,30.246662,-97.791668,7286484,Teacher,1984-02-13,Platinum,outlook.com,2017-10-29
500667,2276657912921370,John,Rodriguez,F,1438 Maple Dr,Columbus,OH,69168.0,39.984987,-82.965386,7313902,Pharmacist,1965-10-19,,yahoo.com,2022-07-05
500668,8480918992208178,Mary,Williams,F,5703 Maple Dr,Boston,MA,31565.0,42.384148,-71.094615,1671022,Lawyer,1973-04-11,Platinum,hotmail.com,2020-05-01
500669,2447360100753608,Susan,Lopez,F,262 Park Rd,Dallas,TX,88266.0,32.802043,-96.770108,1670641,Software Engineer,2011-10-19,,icloud.com,2016-08-15
500670,8417464296217609,David,Smith,M,7614 Oak Ave,Philadelphia,PA,75463.0,39.968454,-75.138588,7255285,Police Officer,2009-07-30,Bronze,hotmail.com,2017-12-12
500671,9901259607209982,Joseph,Jones,F,9576 Main St,Dallas,TX,14782.0,32.811292,-96.78564,1838940,Sales Manager,2014-10-19,Platinum,icloud.com,2023-09-07
500672,2946790037785632,Barbara,Miller,M,9550 Main St,Chicago,IL,58530.0,41.83696,-87.631037,6831475,Lawyer,2003-11-30,Bronze,outlook.com,2025-01-20
500673,8816070902406178,Patricia,Thomas,F,6883 Elm St,Phoenix,AZ,56101.0,33.406165,-112.083246,2959561,Pharmacist,1995-01-17,,outlook.com,2016-04-09
500674,4858536164849154,Barbara,Garcia,M,8992 Elm St,Boston,MA,60012.0,42.350811,-71.102299,2395987,Pharmacist,1965-10-10,Gold,icloud.com,2025-07-08
500675,1789213105627082,Patricia,Williams,M,6838 Main St,Boston,MA,75064.0,42.344982,-71.0978,6295983,Accountant,1958-11-26,Platinum,icloud.com,2021-07-08
500676,3611227019644222,Susan,Miller,M,7548 Park Rd,Denver,CO,59948.0,39.770024,-104.945531,965504,Sales Manager,1952-12-05,Platinum,gmail.com,2018-12-07
500677,9178478498584414,Richard,Smith,F,3768 Park Rd,Denver,CO,47172.0,39.696432,-104.944788,2249868,Graphic Designer,1991-08-16,Gold,hotmail.com,2022-07-20
500678,9188079843224565,Susan,Johnson,M,530 Oak Ave,Houston,TX,59074.0,29.762658,-95.389843,7057886,Police Officer,1950-05-17,Gold,yahoo.com,2025-10-03
500679,6005656573125837,Richard,Miller,F,945 Park Rd,Austin,TX,66243.0,30.224886,-97.743038,1086043,Dentist,1988-07-30,Silver,hotmail.com,2025-02-20
500680,4939761296229226,Linda,Brown,M,8361 Main St,Philadelphia,PA,92764.0,39.982052,-75.144491,4844671,Dentist,1996-05-29,Gold,icloud.com,2016-10-13
500681,1840057348916659,James,Wilson,M,9820 Oak Ave,Philadelphia,PA,13646.0,39.907623,-75.20791,5189995,Software Engineer,1968-04-12,,hotmail.com,2015-04-14
500682,9857807967983667,Joseph,Lopez,M,4027 Oak Ave,Charlotte,NC,48918.0,35.217387,-80.863571,1630954,Electrician,2015-11-13,Platinum,outlook.com,2022-05-24
500683,9421512100779603,Robert,Smith,M,1917 Elm St,New York,NY,88105.0,40.686038,-74.0279,1034150,Accountant,1974-09-02,Silver,outlook.com,2017-12-09
500684,1696987691269672,Jessica,Lopez,M,6502 Main St,Boston,MA,74361.0,42.390448,-71.015977,6677646,Teacher,1966-03-16,Platinum,gmail.com,2020-06-15
500685,7190972922098917,Susan,Gonzalez,F,7487 Oak Ave,Columbus,OH,33567.0,39.95171,-82.958189,2511138,Teacher,1956-11-05,Silver,icloud.com,2022-01-29
500686,9790265254988149,David,Lopez,F,9930 Park Rd,Austin,TX,10657.0,30.24935,-97.745456,1333657,Graphic Designer,1952-10-27,Bronze,yahoo.com,2021-10-18
500687,5665683202135137,Thomas,Jones,M,6078 Main St,New York,NY,38437.0,40.685403,-73.991952,252443,Police Officer,1998-01-31,Silver,yahoo.com,2015-12-08
500688,2140137465078454,William,Rodriguez,F,3364 Main St,Charlotte,NC,55685.0,35.274998,-80.832751,5944835,Financial Analyst,2012-01-18,Platinum,hotmail.com,2019-11-22
500689,2738881600782677,William,Garcia,M,4705 Elm St,Dallas,TX,23486.0,32.762481,-96.782218,4900996,Financial Analyst,1985-11-18,Silver,yahoo.com,2025-09-11
500690,8952073680748483,Joseph,Wilson,F,5322 Park Rd,Charlotte,NC,24097.0,35.189392,-80.804234,5099365,Dentist,1993-10-07,Platinum,yahoo.com,2021-05-12
500691,6698841342668005,John,Anderson,M,653 Park Rd,Philadelphia,PA,43169.0,39.952908,-75.170265,4928016,Pharmacist,1983-07-20,Gold,icloud.com,2024-04-09
500692,9693258407115353,Thomas,Lopez,F,590 Main St,Boston,MA,33580.0,42.368686,-71.046422,6791723,Police Officer,2007-11-16,Platinum,yahoo.com,2019-01-05
500693,6917319101828913,Barbara,Lopez,M,5251 Main St,Houston,TX,11262.0,29.717578,-95.351538,2677519,Teacher,1956-07-08,Gold,yahoo.com,2020-03-21
500694,3095514108827101,Sarah,Williams,F,4746 Park Rd,Austin,TX,37810.0,30.241393,-97.721705,4427997,Sales Manager,1978-11-06,Bronze,icloud.com,2018-02-12
500695,8956602778735100,John,Jackson,F,7230 Maple Dr,Charlotte,NC,51958.0,35.259353,-80.812704,1667206,Sales Manager,2004-07-15,Bronze,hotmail.com,2020-08-04
500696,2074190309798979,Patricia,Anderson,M,9953 Maple Dr,New York,NY,87485.0,40.71805,-74.003983,3216641,Electrician,1974-08-15,,gmail.com,2018-03-13
500697,8711093158229958,Charles,Smith,F,4759 Oak Ave,New York,NY,62797.0,40.677088,-73.978465,315447,Nurse,2007-09-30,Gold,gmail.com,2015-10-12
500698,8228399163609167,Susan,Martinez,F,5296 Maple Dr,San Diego,CA,62473.0,32.692841,-117.16143,674135,Police Officer,1958-07-14,Platinum,icloud.com,2015-07-12
500699,9862788265640059,Joseph,Thomas,M,6226 Park Rd,San Antonio,TX,23466.0,29.402527,-98.530217,250687,Electrician,1976-10-10,Bronze,gmail.com,2016-07-22
500700,7193342245501295,Susan,Davis,M,1542 Oak Ave,Los Angeles,CA,,34.065156,-118.288267,6851342,Teacher,1978-12-19,Bronze,outlook.com,2024-11-27
500701,1432374833586153,Elizabeth,Williams,F,5495 Park Rd,Denver,CO,59749.0,39.764065,-105.008541,2269186,Chef,1953-11-12,Silver,icloud.com,2020-03-02
500702,8763257838258502,Robert,Jackson,F,7420 Main St,Los Angeles,CA,78388.0,34.002213,-118.242587,4430736,Electrician,1961-05-01,,hotmail.com,2022-06-01
500703,7959355935639673,Jessica,Davis,M,4422 Maple Dr,San Diego,CA,20852.0,32.670385,-117.183483,2966259,Electrician,1975-03-03,Silver,gmail.com,2015-11-04
500704,1118245657201402,Michael,Anderson,F,3178 Elm St,San Diego,CA,23701.0,32.736398,-117.204831,2860902,Sales Manager,1955-05-29,,icloud.com,2020-10-06
500705,9506233240639142,Elizabeth,Anderson,M,8365 Main St,Seattle,WA,27047.0,47.640134,-122.381718,1840300,Lawyer,1978-02-11,Platinum,hotmail.com,2024-09-24
500706,8025802864044679,Richard,Miller,M,4652 Elm St,Austin,TX,31521.0,30.241882,-97.71901,5761816,Financial Analyst,1996-01-25,,gmail.com,2016-08-26
500707,1992587321837081,Linda,Smith,F,3164 Maple Dr,San Diego,CA,13746.0,32.697327,-117.200911,3999994,Architect,1959-08-13,Gold,outlook.com,2016-04-29
500708,4192389422638685,Susan,Miller,M,6603 Park Rd,Boston,MA,66472.0,42.346123,-71.081861,4265799,Police Officer,1999-05-16,Bronze,hotmail.com,2018-01-21
500709,6842263835152995,Richard,Wilson,M,4916 Oak Ave,Philadelphia,PA,62781.0,39.986871,-75.183865,1486806,Graphic Designer,1958-10-11,,icloud.com,2020-07-14
500710,7135348366378223,Mary,Davis,M,3697 Main St,Dallas,TX,16964.0,32.805593,-96.757813,7513294,Nurse,1988-11-24,,outlook.com,2017-09-04
500711,3481117141482384,Linda,Martin,F,6521 Elm St,Los Angeles,CA,23278.0,34.045582,-118.202706,1849556,Graphic Designer,1997-09-27,Platinum,yahoo.com,2016-12-01
500712,6736677641190354,Elizabeth,Martin,F,150 Main St,Denver,CO,34258.0,39.726932,-104.943892,4226484,,1968-04-06,Gold,yahoo.com,2016-11-28
500713,2501005468911468,Jennifer,Hernandez,F,2423 Main St,Philadelphia,PA,97298.0,39.911529,-75.146498,3986239,Pharmacist,2011-02-19,Gold,gmail.com,2016-12-28
500714,7117713494975496,James,Martin,F,7863 Park Rd,Phoenix,AZ,10131.0,33.447781,-112.085235,4101218,Electrician,1956-11-27,Platinum,gmail.com,2015-07-05
500715,7125312995255412,Elizabeth,Davis,M,2501 Main St,Seattle,WA,23106.0,47.619471,-122.311714,2560189,Police Officer,1951-07-24,Platinum,hotmail.com,2023-03-29
500716,6975451665236108,Jessica,Rodriguez,F,7616 Main St,Philadelphia,PA,56219.0,39.903036,-75.198505,2531095,Police Officer,1998-12-16,,icloud.com,2020-06-06
500717,5677518683507952,James,Jones,F,3708 Oak Ave,Los Angeles,CA,56818.0,34.073505,-118.227061,4181119,Teacher,1974-03-21,Silver,icloud.com,2023-04-24
500718,2858253504049626,John,Miller,F,1868 Maple Dr,Charlotte,NC,92167.0,35.273705,-80.816996,5699199,Architect,1988-08-22,,yahoo.com,2017-12-22
500719,8998347294927063,David,Gonzalez,F,4626 Maple Dr,Boston,MA,34978.0,42.405177,-71.038646,349771,Police Officer,2010-12-03,,gmail.com,2019-11-11
500720,9720349412772349,Barbara,Martinez,M,236 Elm St,Denver,CO,99853.0,39.719005,-105.029764,1239225,Architect,1990-10-28,Silver,icloud.com,2025-11-03
500721,6983664934637952,Jennifer,Martinez,F,4822 Main St,Phoenix,AZ,48630.0,33.476582,-112.059585,135798,Architect,2005-12-18,Bronze,yahoo.com,2018-03-05
500722,1479121311890560,Jessica,Martinez,M,7150 Maple Dr,Seattle,WA,96540.0,47.561019,-122.346095,7002022,Teacher,2003-03-17,Bronze,outlook.com,2016-07-18
500723,8737279582241768,Thomas,Moore,M,1509 Maple Dr,Philadelphia,PA,28696.0,39.99828,-75.16516,6154295,Sales Manager,1975-06-01,Platinum,icloud.com,2025-04-19
500724,1289460260900889,Jessica,Lopez,M,6428 Elm St,Los Angeles,CA,62312.0,34.045473,-118.24793,7589667,Accountant,1976-02-03,Gold,outlook.com,2021-09-11
500725,4925482271424473,David,Jackson,M,3368 Maple Dr,Phoenix,AZ,27785.0,33.419288,-112.087129,3497280,,1965-07-19,Gold,outlook.com,2015-12-17
500726,6659396488537544,Joseph,Moore,M,6259 Elm St,Phoenix,AZ,22588.0,33.435381,-112.118764,1167743,Architect,2000-11-02,Gold,icloud.com,2025-06-26
500727,5218780406840434,Barbara,Wilson,F,6989 Elm St,Columbus,OH,70461.0,39.987957,-83.00715,237137,Teacher,2013-12-06,Platinum,gmail.com,2023-06-23
500728,3723687470415342,Linda,Jackson,F,2185 Park Rd,Chicago,IL,81207.0,41.910318,-87.594765,7554012,Financial Analyst,2005-03-12,Bronze,hotmail.com,2016-05-30
500729,5168600793784361,Thomas,Anderson,M,1487 Main St,San Antonio,TX,45412.0,29.395299,-98.477865,6966657,Accountant,2010-02-12,Gold,icloud.com,2016-02-03
500730,5336678151972359,David,Johnson,M,9678 Park Rd,Seattle,WA,16949.0,47.603428,-122.294084,5890218,Sales Manager,1976-01-26,,yahoo.com,2021-04-21
500731,3013498434079359,Robert,Martinez,F,205 Elm St,Charlotte,NC,91744.0,35.198674,-80.825319,5774472,Sales Manager,1994-06-09,Bronze,gmail.com,2015-01-01
500732,2090182442979510,Thomas,Brown,M,3447 Main St,Chicago,IL,72094.0,41.888875,-87.65027,211832,Architect,2004-03-03,Platinum,gmail.com,2025-05-21
500733,5356958296543709,Jennifer,Davis,F,7294 Park Rd,Los Angeles,CA,26147.0,34.01586,-118.228536,3631845,Mechanic,1976-11-27,Bronze,yahoo.com,2016-08-03
500734,3167870386579071,Jennifer,Taylor,M,7901 Elm St,Seattle,WA,48015.0,47.63006,-122.350537,2433074,Accountant,2016-10-20,,hotmail.com,2019-02-13
500735,4475162798553605,Patricia,Anderson,F,7060 Oak Ave,Columbus,OH,13666.0,39.975683,-83.009287,2382517,Architect,1974-09-09,Bronze,icloud.com,2019-05-15
500736,1306996972734553,Karen,Anderson,M,5911 Oak Ave,New York,NY,71329.0,40.734121,-74.036078,7407310,Architect,2002-01-31,Gold,gmail.com,2016-10-10
500737,8755400352386374,Thomas,Miller,F,8702 Elm St,Philadelphia,PA,77245.0,39.991622,-75.186459,531517,Chef,1994-11-30,Silver,outlook.com,2022-05-10
500738,5138644828571564,Robert,Rodriguez,F,6554 Main St,Charlotte,NC,94559.0,35.213879,-80.887291,4062944,Dentist,2000-07-10,Platinum,icloud.com,2022-05-23
500739,9353388016190596,Thomas,Taylor,F,2220 Maple Dr,Chicago,IL,87182.0,41.839251,-87.628214,4876472,Lawyer,2001-09-05,,icloud.com,2024-04-22
500740,1265905913231831,Jennifer,Davis,M,1840 Elm St,San Antonio,TX,99040.0,29.400859,-98.460052,4001441,Police Officer,1956-01-24,Silver,yahoo.com,2016-03-07
500741,9038682961962655,Richard,Wilson,M,1114 Park Rd,Boston,MA,42831.0,42.311569,-71.070991,965275,Nurse,1965-08-11,Bronze,hotmail.com,2023-07-24
500742,8572167493188783,James,Garcia,F,1863 Elm St,Philadelphia,PA,59496.0,39.936335,-75.213267,1122502,Sales Manager,2004-05-31,Silver,outlook.com,2020-07-04
500743,3031091263022750,Michael,Garcia,F,8759 Oak Ave,San Diego,CA,21274.0,32.678137,-117.169736,4888075,Teacher,2010-11-26,Bronze,yahoo.com,2015-05-17
500744,1047166872533087,Barbara,Wilson,M,5682 Oak Ave,Denver,CO,99438.0,39.738486,-104.999871,6128491,Plumber,1962-08-11,Silver,yahoo.com,2021-05-25
500745,4171487606880617,Barbara,Martin,M,1200 Elm St,Seattle,WA,66034.0,47.609294,-122.322587,5251828,,1992-07-02,Bronze,icloud.com,2015-11-17
500746,1908940914760334,Patricia,Thomas,M,943 Park Rd,Chicago,IL,80849.0,41.829092,-87.63339,2780956,Teacher,1996-05-28,Silver,outlook.com,2025-05-05
500747,7334524387687462,Barbara,Williams,M,4819 Main St,Seattle,WA,80047.0,47.65255,-122.330197,4831434,Electrician,1972-07-21,,icloud.com,2020-08-10
500748,1510240476857208,Sarah,Brown,F,4409 Main St,Phoenix,AZ,14230.0,33.466154,-112.092814,2840729,Pharmacist,1985-10-25,Gold,yahoo.com,2018-10-02
500749,2839569450855265,Sarah,Hernandez,M,3960 Elm St,Boston,MA,19556.0,42.387499,-71.031608,6763383,Nurse,1955-05-01,Gold,gmail.com,2025-08-26
500750,6516304551383505,John,Moore,F,2221 Maple Dr,San Antonio,TX,15471.0,29.42623,-98.445999,877928,,2003-08-31,Platinum,icloud.com,2017-07-11
500751,5301772377542099,Elizabeth,Davis,M,1006 Main St,Columbus,OH,35712.0,39.923755,-83.047105,4486075,Dentist,1981-06-04,Bronze,icloud.com,2020-05-28
500752,4397769096311856,Robert,Wilson,F,9103 Oak Ave,New York,NY,25149.0,40.739816,-73.975284,3678814,Accountant,1984-09-24,,outlook.com,2018-12-11
500753,9269226963900239,Mary,Davis,M,1607 Park Rd,Houston,TX,11317.0,29.722421,-95.393242,1910270,Pharmacist,1980-10-13,,icloud.com,2015-07-07
500754,7483626251104599,Linda,Johnson,M,1028 Oak Ave,Denver,CO,67482.0,39.690955,-105.010969,1519927,Financial Analyst,1951-05-04,Bronze,outlook.com,2018-12-03
500755,3199959087800192,Elizabeth,Jones,F,7943 Main St,Austin,TX,96060.0,30.294514,-97.741304,649277,Software Engineer,2008-10-12,Gold,icloud.com,2017-04-23
500756,8326680493803953,Barbara,Davis,F,5059 Maple Dr,San Diego,CA,82273.0,32.70051,-117.173926,2460206,Electrician,2013-04-09,,outlook.com,2018-07-30
500757,1940153323506753,Mary,Lopez,F,8066 Maple Dr,Charlotte,NC,20282.0,35.177235,-80.86312,1712542,Mechanic,1998-07-29,,yahoo.com,2018-06-03
500758,2105615681552314,Barbara,Jones,M,3951 Elm St,Charlotte,NC,95184.0,35.241746,-80.795681,6415506,Architect,1999-08-11,Bronze,gmail.com,2020-08-05
500759,3503705101486494,Charles,Gonzalez,F,1484 Main St,Seattle,WA,46581.0,47.640906,-122.379741,7173688,Dentist,1953-01-11,Platinum,gmail.com,2024-09-03
500760,1400060930803473,Linda,Miller,F,3121 Elm St,San Antonio,TX,79794.0,29.463956,-98.46528,443385,Financial Analyst,1984-07-05,Bronze,icloud.com,2023-07-23
500761,6483036468137096,David,Rodriguez,M,548 Maple Dr,Philadelphia,PA,91465.0,39.980638,-75.1694,3646293,Pharmacist,1952-05-01,Bronze,gmail.com,2021-03-16
500762,7106609981228995,Elizabeth,Moore,F,7044 Park Rd,San Antonio,TX,84488.0,29.413901,-98.513308,6455943,,2014-09-17,Silver,hotmail.com,2020-03-29
500763,9175947555694835,James,Rodriguez,F,1501 Oak Ave,Charlotte,NC,81146.0,35.183669,-80.870276,2486559,Police Officer,1971-05-17,,hotmail.com,2015-06-08
500764,3420662301362420,William,Martin,M,2136 Maple Dr,Austin,TX,84506.0,30.24186,-97.744692,5547994,,1974-08-10,Gold,yahoo.com,2019-12-23
500765,1079901166003461,Joseph,Johnson,F,7967 Park Rd,San Diego,CA,38553.0,32.740444,-117.163719,3432676,Nurse,1951-07-20,,gmail.com,2018-02-06
500766,3828500325871627,John,Anderson,M,4327 Maple Dr,Boston,MA,44018.0,42.315884,-71.013121,7295164,Plumber,2004-10-03,Silver,yahoo.com,2022-01-25
500767,6565993594750953,Mary,Davis,M,730 Oak Ave,Chicago,IL,99711.0,41.922372,-87.601281,4255668,Architect,1963-03-07,,outlook.com,2015-06-21
500768,1547751043208988,William,Rodriguez,M,5889 Park Rd,Dallas,TX,15863.0,32.825833,-96.792552,5043020,Electrician,2014-05-11,Gold,gmail.com,2015-11-14
500769,5602998541617237,John,Davis,M,5437 Park Rd,Dallas,TX,58674.0,32.822977,-96.839439,6960312,Pharmacist,1989-10-25,Bronze,hotmail.com,2024-10-27
500770,3941215185199778,Karen,Lopez,F,6786 Maple Dr,Phoenix,AZ,71693.0,33.434968,-112.101462,7911091,Financial Analyst,1962-11-02,,gmail.com,2016-10-18
500771,9379473853849834,Robert,Jackson,M,1840 Park Rd,Philadelphia,PA,37719.0,39.922183,-75.20112,6783282,Police Officer,1954-01-01,,icloud.com,2023-10-15
500772,9466223831701295,Michael,Gonzalez,M,2558 Elm St,Austin,TX,95093.0,30.279441,-97.714968,663044,Software Engineer,2013-12-14,Silver,icloud.com,2020-08-24
500773,7610846081417200,Susan,Moore,M,8746 Main St,Austin,TX,89574.0,30.27503,-97.778404,3967184,Architect,2006-07-20,Gold,outlook.com,2017-03-09
500774,9206184817775586,Linda,Hernandez,M,6030 Oak Ave,Seattle,WA,69745.0,47.637312,-122.318505,2645871,Accountant,2001-08-10,Silver,hotmail.com,2023-03-21
500775,1717785078709873,Barbara,Moore,M,6035 Elm St,Boston,MA,89327.0,42.348917,-71.041487,1937314,Architect,1986-10-11,Platinum,yahoo.com,2021-05-21
500776,5842416393406774,Linda,Wilson,M,4364 Maple Dr,Seattle,WA,54770.0,47.58219,-122.347581,2637717,Accountant,1961-03-29,Bronze,hotmail.com,2019-09-21
500777,5451362414100885,Michael,Garcia,F,354 Oak Ave,Dallas,TX,25832.0,32.818449,-96.81795,3516686,Graphic Designer,1963-04-25,,hotmail.com,2023-05-01
500778,1306926392236560,Susan,Smith,M,1296 Oak Ave,Los Angeles,CA,,34.049199,-118.204686,7276916,Dentist,1961-05-04,Platinum,outlook.com,2016-06-06
500779,3174651708189650,Elizabeth,Brown,F,5615 Park Rd,San Antonio,TX,89791.0,29.444872,-98.53738,5177663,Accountant,2012-07-10,Bronze,gmail.com,2023-04-14
500780,5043290587292976,Susan,Anderson,F,4839 Elm St,Boston,MA,27643.0,42.32483,-71.108116,6157566,Chef,1981-11-05,,icloud.com,2015-12-10
500781,6341704914934703,Barbara,Anderson,F,5350 Elm St,Chicago,IL,33163.0,41.891192,-87.635033,4272009,Graphic Designer,1950-09-13,Bronze,yahoo.com,2018-05-02
500782,6081242871306560,Thomas,Taylor,F,4773 Maple Dr,San Diego,CA,60340.0,32.679127,-117.115307,2677428,Chef,1980-08-08,Silver,gmail.com,2024-02-17
500783,4877935466359648,Thomas,Rodriguez,F,1729 Maple Dr,Charlotte,NC,47328.0,35.230066,-80.868911,1394090,Accountant,2015-07-31,Gold,outlook.com,2020-06-16
500784,2525108034649660,Elizabeth,Rodriguez,M,3895 Maple Dr,San Diego,CA,28481.0,32.71576,-117.143138,810105,Sales Manager,1970-01-24,,icloud.com,2023-06-19
500785,9129370639052810,Mary,Moore,M,209 Elm St,Chicago,IL,13378.0,41.835724,-87.65233,3104930,Sales Manager,1952-06-15,Gold,icloud.com,2019-10-13
500786,2136515008253303,Joseph,Martinez,M,2065 Elm St,Charlotte,NC,66657.0,35.257797,-80.847134,4142727,Graphic Designer,1989-11-28,Bronze,yahoo.com,2018-02-14
500787,9722924459556552,Barbara,Williams,M,1318 Maple Dr,Charlotte,NC,30542.0,35.231758,-80.849818,4258529,Police Officer,2009-12-29,Gold,hotmail.com,2022-01-27
500788,7999004282718232,John,Hernandez,M,7200 Main St,Charlotte,NC,78327.0,35.18149,-80.876525,2668611,Sales Manager,1996-01-04,,gmail.com,2025-08-23
500789,3214991978191936,Robert,Jackson,F,3707 Oak Ave,Columbus,OH,44771.0,39.955754,-83.027881,3948613,Mechanic,2006-04-11,Platinum,yahoo.com,2023-03-24
500790,2788583861886391,John,Taylor,M,152 Elm St,San Diego,CA,18816.0,32.670698,-117.126735,4121215,Sales Manager,1975-05-10,Silver,gmail.com,2019-09-09
500791,4425350722149096,Charles,Davis,F,8033 Park Rd,Charlotte,NC,96106.0,35.275219,-80.813786,1515489,Financial Analyst,1973-08-08,Silver,outlook.com,2022-06-29
500792,6674784796413617,Richard,Martin,F,9003 Elm St,San Diego,CA,48720.0,32.751078,-117.186902,814779,Electrician,1993-12-24,Bronze,outlook.com,2019-09-15
500793,6966530975456381,Susan,Brown,M,7714 Maple Dr,San Diego,CA,96587.0,32.761763,-117.191407,957411,Lawyer,1979-03-12,Platinum,yahoo.com,2023-09-05
500794,8248284906301578,Jessica,Martin,F,3947 Main St,Boston,MA,48132.0,42.405243,-71.009418,2252508,Sales Manager,1993-05-26,Platinum,gmail.com,2021-04-22
500795,7079759259307973,David,Wilson,F,7340 Elm St,Denver,CO,62255.0,39.760372,-104.942186,2191904,Nurse,1978-12-30,Gold,hotmail.com,2023-03-02
500796,8372614744037203,Mary,Martinez,F,6814 Oak Ave,Houston,TX,85039.0,29.767354,-95.393846,7350249,Chef,1980-06-27,,yahoo.com,2023-09-29
500797,9721274468048494,Karen,Martin,F,2217 Park Rd,Columbus,OH,80748.0,39.9549,-82.989444,172100,Teacher,1959-11-24,Platinum,gmail.com,2023-10-02
500798,4176845197954994,Sarah,Williams,M,8597 Oak Ave,Charlotte,NC,57460.0,35.184408,-80.830866,4496870,Sales Manager,1979-11-26,Silver,icloud.com,2019-06-09
500799,3613776347408881,Jennifer,Lopez,F,6873 Oak Ave,Seattle,WA,82476.0,47.654318,-122.363089,6156654,Electrician,2014-05-26,Bronze,gmail.com,2024-06-25
500800,5742790394879538,Patricia,Taylor,F,8044 Main St,New York,NY,30571.0,40.74206,-73.96521,2379728,Financial Analyst,2017-09-29,Bronze,yahoo.com,2022-01-30
500801,1304243660529713,William,Brown,F,6665 Oak Ave,Denver,CO,45389.0,39.78357,-104.944286,7235843,Software Engineer,2011-09-24,Bronze,gmail.com,2020-08-28
500802,7599022956231283,Susan,Smith,M,8975 Park Rd,Charlotte,NC,29902.0,35.229246,-80.795369,806587,Dentist,2013-02-10,Silver,icloud.com,2024-08-20
500803,5614888350994143,James,Martinez,F,7618 Oak Ave,Phoenix,AZ,23065.0,33.474131,-112.107833,2221857,Plumber,1979-01-16,Platinum,outlook.com,2019-10-26
500804,4659904699456705,Sarah,Rodriguez,F,4759 Park Rd,Los Angeles,CA,76400.0,34.04989,-118.221867,2056971,Dentist,1969-12-09,Bronze,hotmail.com,2023-02-28
500805,5923169668355328,Patricia,Anderson,M,9567 Main St,San Antonio,TX,62081.0,29.398834,-98.479538,6474343,Electrician,1983-06-10,Platinum,outlook.com,2020-05-06
500806,3797727277629937,David,Jones,M,1662 Park Rd,Austin,TX,32184.0,30.28386,-97.77683,1747161,Plumber,1959-10-11,,yahoo.com,2015-12-10
500807,8548669663522870,Jessica,Taylor,M,1065 Elm St,Chicago,IL,43033.0,41.884609,-87.602637,3459920,Financial Analyst,1986-03-04,Gold,yahoo.com,2015-05-30
500808,6392883623939988,Susan,Smith,F,3527 Park Rd,Philadelphia,PA,74058.0,39.95249,-75.21399,4581730,Plumber,2011-10-25,Gold,yahoo.com,2018-08-11
500809,5633584592070111,Sarah,Williams,M,7074 Main St,San Diego,CA,59241.0,32.666604,-117.175397,1072722,Teacher,2013-08-06,Silver,icloud.com,2023-05-23
500810,4941561054703360,Patricia,Johnson,F,8213 Oak Ave,Los Angeles,CA,92072.0,34.094819,-118.270832,6742340,Plumber,1964-11-28,Silver,icloud.com,2019-09-09
500811,2059097260056594,Susan,Martinez,F,8660 Maple Dr,San Antonio,TX,90622.0,29.437536,-98.521392,7467045,Lawyer,1950-10-31,,yahoo.com,2016-08-02
500812,2841629084105116,Karen,Lopez,F,7835 Elm St,Phoenix,AZ,37606.0,33.430567,-112.039196,7858435,Police Officer,1996-12-10,Silver,yahoo.com,2020-11-17
500813,3861479053468731,Susan,Garcia,M,7808 Main St,Charlotte,NC,10734.0,35.249986,-80.88356,2620907,Sales Manager,1992-07-06,Silver,gmail.com,2021-01-11
500814,1550409055712987,Karen,Anderson,M,1193 Maple Dr,San Diego,CA,93406.0,32.70857,-117.208183,4695541,Electrician,1979-09-13,Gold,gmail.com,2025-05-28
500815,8392696498947159,Susan,Jackson,F,6117 Park Rd,Houston,TX,62857.0,29.758489,-95.353557,7842542,Graphic Designer,1974-08-20,,icloud.com,2022-03-12
500816,6338017616460206,Robert,Brown,M,4687 Oak Ave,Columbus,OH,44463.0,39.92305,-83.019912,4733320,Accountant,1968-03-05,Silver,icloud.com,2021-08-02
500817,6185044851548379,Charles,Martin,F,7856 Oak Ave,Columbus,OH,32033.0,39.950984,-82.956847,27404,Electrician,1984-05-10,Silver,gmail.com,2025-06-04
500818,2291029143648812,Jennifer,Thomas,M,5397 Main St,Denver,CO,16840.0,39.788526,-105.035809,1154028,Architect,2005-03-02,Platinum,hotmail.com,2018-09-01
500819,2056513679415499,Linda,Moore,F,6281 Elm St,Phoenix,AZ,72190.0,33.474501,-112.086828,2982885,Financial Analyst,1994-11-22,,outlook.com,2020-12-13
500820,2926635751856141,Jennifer,Rodriguez,M,7263 Park Rd,Los Angeles,CA,67887.0,34.041446,-118.218274,4116202,Graphic Designer,2004-04-24,Bronze,icloud.com,2025-02-02
500821,2603394391399251,James,Lopez,F,5768 Elm St,San Antonio,TX,38020.0,29.465943,-98.448507,5180554,Sales Manager,2008-07-02,Platinum,outlook.com,2017-01-03
500822,1096129938427243,Michael,Anderson,F,8718 Oak Ave,Boston,MA,10735.0,42.367812,-71.073188,4922304,Financial Analyst,2017-01-27,Gold,gmail.com,2025-03-20
500823,9300709358801062,James,Martin,F,649 Maple Dr,Philadelphia,PA,94105.0,39.981355,-75.1901,4020919,Dentist,1972-10-07,Bronze,outlook.com,2018-01-28
500824,6153750177852735,James,Thomas,F,8133 Oak Ave,Columbus,OH,72055.0,39.967607,-83.012942,6295919,Accountant,1955-02-19,Bronze,outlook.com,2015-04-29
500825,7355834996495126,Jennifer,Jones,M,6974 Main St,Austin,TX,17346.0,30.282863,-97.76906,3724324,Nurse,2013-12-29,Gold,gmail.com,2024-08-14
500826,8679324144554920,Michael,Martin,M,5550 Maple Dr,Dallas,TX,32179.0,32.745859,-96.755176,7602769,Lawyer,1974-11-23,,gmail.com,2025-07-19
500827,8545481938324430,Mary,Williams,M,8316 Oak Ave,Columbus,OH,44948.0,39.92138,-82.998204,709380,Chef,1986-03-04,Platinum,gmail.com,2018-02-02
500828,5552831500532969,Susan,Garcia,M,5198 Maple Dr,Austin,TX,83473.0,30.239285,-97.789207,2946757,Accountant,1967-10-29,Gold,hotmail.com,2021-05-16
500829,6099775817569876,Joseph,Williams,M,1583 Oak Ave,Seattle,WA,21326.0,47.559802,-122.364578,1562419,Police Officer,2012-06-20,,gmail.com,2023-08-07
500830,6746100240631355,Barbara,Anderson,M,4142 Maple Dr,Chicago,IL,99245.0,41.914777,-87.651552,5393148,Sales Manager,1950-12-09,Silver,outlook.com,2015-08-07
500831,2603316819548520,William,Jones,F,6882 Oak Ave,San Antonio,TX,34673.0,29.469146,-98.485438,2293407,Sales Manager,2013-05-01,Silver,outlook.com,2017-11-28
500832,1832374388112130,Jessica,Lopez,F,5815 Park Rd,Charlotte,NC,68939.0,35.220761,-80.835091,6963350,Chef,1989-06-09,Bronze,icloud.com,2019-04-29
500833,2897480339263612,Susan,Lopez,F,3498 Maple Dr,Chicago,IL,76029.0,41.87977,-87.603922,4632250,Graphic Designer,1998-04-06,Bronze,icloud.com,2023-09-03
500834,5212560695889403,William,Johnson,M,8571 Oak Ave,Houston,TX,72286.0,29.73865,-95.384495,1177855,Architect,1973-03-02,,outlook.com,2019-03-05
500835,6299751952493052,Mary,Hernandez,M,5979 Main St,Austin,TX,30807.0,30.306609,-97.698454,3540024,Plumber,1983-11-27,Gold,outlook.com,2022-04-07
500836,9224910420118098,Barbara,Martinez,M,7748 Park Rd,Boston,MA,34400.0,42.399356,-71.066955,6313612,Teacher,1958-12-28,Platinum,icloud.com,2020-02-13
500837,4917850675422796,Richard,Thomas,M,4238 Maple Dr,Austin,TX,88766.0,30.295237,-97.745466,2839328,Plumber,2001-09-03,Platinum,outlook.com,2015-06-14
500838,9419522157432338,Thomas,Brown,F,7077 Maple Dr,Boston,MA,85692.0,42.359854,-71.088432,3366735,Teacher,1971-01-08,Silver,icloud.com,2016-11-12
500839,6375958537725930,Thomas,Miller,M,2228 Maple Dr,Boston,MA,17051.0,42.369213,-71.090286,763318,Financial Analyst,1976-12-19,Silver,outlook.com,2020-02-22
500840,1007595480388568,Robert,Miller,M,5036 Maple Dr,San Antonio,TX,20534.0,29.407256,-98.458097,1553483,Electrician,1964-10-31,Silver,hotmail.com,2016-01-05
500841,7167350360774014,Sarah,Lopez,M,7920 Oak Ave,Charlotte,NC,55182.0,35.197808,-80.885984,843134,Plumber,1971-12-16,,hotmail.com,2022-11-02
500842,4389333362879860,Joseph,Davis,M,6450 Oak Ave,Houston,TX,51727.0,29.717301,-95.325722,6405879,Mechanic,1992-05-16,Platinum,outlook.com,2025-01-26
500843,8860437533698717,Susan,Martin,F,8850 Main St,Phoenix,AZ,55464.0,33.449092,-112.083059,4101235,Teacher,2010-07-15,Silver,icloud.com,2016-12-30
500844,4263133053319385,David,Taylor,M,9916 Elm St,Denver,CO,20127.0,39.770288,-104.956717,5420494,Electrician,1971-02-05,Silver,hotmail.com,2017-02-08
500845,4921740229758386,John,Hernandez,F,3047 Elm St,New York,NY,29758.0,40.696019,-73.986638,2395452,Financial Analyst,1968-12-13,Platinum,hotmail.com,2015-05-23
500846,2473062884402055,Richard,Taylor,M,7717 Main St,Phoenix,AZ,55388.0,33.475512,-112.058535,5760135,Accountant,1987-11-02,Platinum,gmail.com,2016-10-20
500847,5566385927544713,Richard,Anderson,M,8064 Elm St,Philadelphia,PA,65372.0,39.91776,-75.127612,6475633,Nurse,1961-07-20,Gold,hotmail.com,2017-11-25
500848,6437068317520756,Joseph,Taylor,F,7858 Maple Dr,Charlotte,NC,80126.0,35.231009,-80.864853,3065682,Accountant,2006-11-21,Silver,hotmail.com,2020-12-17
500849,7077330922203882,John,Jones,M,5623 Park Rd,Denver,CO,43795.0,39.731723,-105.036543,1662698,Architect,1984-05-27,Platinum,gmail.com,2020-03-18
500850,8817317742149337,Jessica,Anderson,F,920 Park Rd,Phoenix,AZ,99966.0,33.411187,-112.047445,3102882,Graphic Designer,1953-07-29,Platinum,outlook.com,2022-07-27
500851,3407043737686219,Jennifer,Martinez,F,6933 Main St,Phoenix,AZ,68559.0,33.398401,-112.082343,2728215,Financial Analyst,1952-02-11,Bronze,icloud.com,2016-04-02
500852,5785237970087235,Richard,Davis,M,1477 Park Rd,Philadelphia,PA,22395.0,39.954851,-75.209737,1062422,Mechanic,2015-08-31,Platinum,hotmail.com,2025-01-04
500853,5125577959921663,Karen,Davis,F,765 Main St,Phoenix,AZ,52806.0,33.495708,-112.101387,3132233,Nurse,1980-12-26,Silver,icloud.com,2023-02-12
500854,5617379246312648,John,Hernandez,F,7022 Elm St,Columbus,OH,12933.0,39.94162,-83.018406,1547919,Graphic Designer,1959-01-27,Bronze,hotmail.com,2025-10-28
500855,3350659527913167,Elizabeth,Martin,M,900 Maple Dr,Los Angeles,CA,85148.0,34.025242,-118.293553,3972127,,1967-03-12,Platinum,outlook.com,2023-05-18
500856,5517679719244863,Mary,Martin,F,3069 Maple Dr,Charlotte,NC,45740.0,35.250034,-80.796415,47371,Pharmacist,1966-08-30,Silver,gmail.com,2023-10-09
500857,3474893857286171,William,Anderson,F,1691 Oak Ave,San Antonio,TX,39468.0,29.396529,-98.477295,156606,Police Officer,2008-12-17,Silver,gmail.com,2021-11-09
500858,6488232528074125,Joseph,Jackson,F,9852 Maple Dr,Phoenix,AZ,80969.0,33.47259,-112.039157,3268499,Plumber,2015-04-30,,gmail.com,2018-11-05
500859,8409580282443375,Joseph,Jones,F,8275 Oak Ave,Philadelphia,PA,79761.0,39.944863,-75.184907,5857944,Chef,1978-09-05,Platinum,outlook.com,2019-07-09
500860,6145932826921371,John,Thomas,F,1461 Oak Ave,New York,NY,79414.0,40.69533,-73.984738,3102002,Financial Analyst,2009-04-10,Gold,outlook.com,2020-01-24
500861,2404226799504181,Karen,Jackson,M,5861 Park Rd,Columbus,OH,66561.0,39.992878,-83.030639,3489568,Teacher,1991-12-07,Gold,icloud.com,2023-05-06
500862,9297217002742350,Sarah,Jones,F,2123 Main St,San Diego,CA,61871.0,32.702794,-117.120906,1836278,Sales Manager,1971-01-22,Bronze,icloud.com,2018-03-31
500863,8003321131984226,Richard,Moore,F,5867 Oak Ave,Chicago,IL,64811.0,41.908769,-87.581314,7558596,Graphic Designer,1964-04-10,Gold,outlook.com,2022-01-25
500864,7186543412641223,David,Taylor,F,3788 Elm St,Los Angeles,CA,74858.0,34.077625,-118.25438,6353734,Architect,2009-08-04,Gold,hotmail.com,2016-10-04
500865,3597748262696569,James,Moore,F,7702 Oak Ave,Boston,MA,99568.0,42.369164,-71.042799,7615823,Accountant,1965-12-08,Platinum,icloud.com,2022-04-29
500866,2701234013176772,James,Martin,M,2370 Park Rd,San Antonio,TX,91254.0,29.381946,-98.48915,4227500,Software Engineer,1987-07-11,,icloud.com,2023-03-18
500867,6492701926819831,Linda,Garcia,F,1590 Maple Dr,San Antonio,TX,12977.0,29.445032,-98.526868,6237445,Dentist,1952-01-19,,icloud.com,2024-09-06
500868,4324233638762425,Linda,Garcia,F,3373 Maple Dr,Houston,TX,27386.0,29.788463,-95.361423,2462710,Software Engineer,1964-06-24,Bronze,yahoo.com,2021-06-23
500869,7157961952716273,Karen,Anderson,M,2997 Elm St,San Diego,CA,75564.0,32.760922,-117.206858,5385279,Accountant,1991-03-13,,outlook.com,2024-10-12
500870,5163237405744904,John,Smith,M,6757 Park Rd,Boston,MA,71631.0,42.336633,-71.048745,7237397,Dentist,1964-04-15,Bronze,hotmail.com,2025-09-27
500871,2089708525303174,Karen,Moore,M,7284 Elm St,Phoenix,AZ,17836.0,33.428056,-112.052558,2462552,Dentist,2014-03-27,Bronze,outlook.com,2019-06-25
500872,6851345887672420,Joseph,Wilson,M,1797 Oak Ave,Charlotte,NC,44406.0,35.253001,-80.882848,6363065,Accountant,1995-11-23,Silver,outlook.com,2019-08-19
500873,9223342563088231,Linda,Thomas,M,4433 Main St,Columbus,OH,53257.0,39.962585,-82.997911,5390784,Software Engineer,1980-06-27,Platinum,hotmail.com,2023-06-10
500874,4084449060181162,Elizabeth,Anderson,F,7478 Maple Dr,Houston,TX,84479.0,29.747328,-95.326508,2314375,Nurse,2017-11-29,Silver,yahoo.com,2020-11-07
500875,8927870627569158,Barbara,Jackson,F,4871 Maple Dr,Phoenix,AZ,30749.0,33.481151,-112.054279,4766708,Financial Analyst,1952-04-30,Platinum,hotmail.com,2022-07-20
500876,8252583754583033,Robert,Jones,F,6395 Maple Dr,Phoenix,AZ,93461.0,33.469833,-112.077828,1916915,Teacher,1963-11-09,Silver,icloud.com,2018-05-25
500877,3336655534378469,Barbara,Taylor,F,7914 Park Rd,Chicago,IL,32335.0,41.920199,-87.61034,2892472,Mechanic,2002-06-01,,icloud.com,2018-07-11
500878,8794907704145643,Jessica,Garcia,F,2973 Elm St,Dallas,TX,59790.0,32.799598,-96.760831,124391,Software Engineer,1983-08-03,Gold,yahoo.com,2018-06-20
500879,3506844206281618,Karen,Brown,M,5940 Elm St,Houston,TX,70204.0,29.737807,-95.339093,4781540,Teacher,1970-02-15,,yahoo.com,2023-04-25
500880,1295801545549447,Richard,Brown,F,8413 Main St,Houston,TX,45582.0,29.729924,-95.385266,4646286,Software Engineer,1982-08-14,Bronze,hotmail.com,2021-05-10
500881,3306492978177720,Jennifer,Davis,M,7572 Oak Ave,Dallas,TX,15273.0,32.760261,-96.749147,5114817,Graphic Designer,1972-03-31,,outlook.com,2016-01-10
500882,8482214136413543,John,Jones,F,1097 Oak Ave,Charlotte,NC,39830.0,35.262754,-80.822983,2051322,Plumber,1967-01-18,Platinum,gmail.com,2021-01-08
500883,8115830171054908,John,Miller,F,2007 Elm St,Boston,MA,20929.0,42.382806,-71.052693,3998277,Sales Manager,1954-08-01,Bronze,icloud.com,2021-08-11
500884,3701807104763431,Charles,Smith,F,1927 Elm St,Houston,TX,94230.0,29.805109,-95.370174,1639090,Architect,2003-09-04,Bronze,outlook.com,2023-06-18
500885,5436990142410029,Jennifer,Hernandez,F,8524 Maple Dr,San Antonio,TX,94578.0,29.412152,-98.527296,2518539,Graphic Designer,2003-12-14,,yahoo.com,2018-10-29
500886,5531184317957306,Elizabeth,Anderson,M,3084 Elm St,Phoenix,AZ,10854.0,33.477021,-112.050556,2682706,Plumber,2010-10-24,Platinum,yahoo.com,2017-01-02
500887,7061630934255512,Elizabeth,Brown,F,5710 Park Rd,Los Angeles,CA,33941.0,34.040636,-118.291181,1628996,Accountant,2018-03-23,Silver,yahoo.com,2018-06-12
500888,7903302309318448,Thomas,Thomas,M,5016 Park Rd,Dallas,TX,37563.0,32.8106,-96.845858,4794965,Mechanic,1977-05-25,Gold,yahoo.com,2017-02-25
500889,2547235278646028,Jennifer,Martin,M,5435 Park Rd,Denver,CO,72098.0,39.75957,-104.943274,5486876,Pharmacist,1985-07-19,Gold,yahoo.com,2025-06-17
500890,8712304987652048,Elizabeth,Lopez,M,5117 Maple Dr,Phoenix,AZ,56390.0,33.442166,-112.100503,6961096,Police Officer,1992-05-05,Platinum,outlook.com,2019-10-09
500891,4757116112240375,James,Gonzalez,M,6797 Maple Dr,Austin,TX,94645.0,30.287687,-97.711387,6760939,Mechanic,1985-04-22,Platinum,outlook.com,2015-03-21
500892,2878980341021905,William,Martinez,F,487 Maple Dr,Seattle,WA,66033.0,47.610843,-122.285396,6639717,Dentist,2013-03-10,Gold,icloud.com,2021-04-12
500893,2936367955692523,Karen,Taylor,F,4588 Main St,Charlotte,NC,19755.0,35.182267,-80.84262,2044587,Chef,1967-11-23,Gold,hotmail.com,2025-07-23
500894,9575260706833407,Mary,Gonzalez,F,4193 Maple Dr,Charlotte,NC,89522.0,35.248945,-80.806836,4921683,Dentist,2003-03-13,Bronze,gmail.com,2015-08-18
500895,5844934748894996,Barbara,Anderson,F,1919 Elm St,Columbus,OH,27600.0,39.929126,-82.9688,7394103,Software Engineer,1980-09-29,Gold,hotmail.com,2024-03-30
500896,3691851811138966,Charles,Miller,M,7280 Oak Ave,Chicago,IL,52970.0,41.883371,-87.640145,4809434,,1963-06-30,,icloud.com,2024-03-01
500897,2265215854875785,John,Hernandez,F,7404 Oak Ave,Phoenix,AZ,34135.0,33.411572,-112.03747,2699984,Architect,2011-11-12,Silver,hotmail.com,2019-01-23
500898,9749942214210501,William,Rodriguez,M,2398 Main St,Philadelphia,PA,94179.0,39.918327,-75.184221,3450863,Pharmacist,1967-11-08,Platinum,hotmail.com,2023-12-14
500899,9223410931821873,Thomas,Lopez,M,9368 Elm St,New York,NY,14205.0,40.691805,-73.968859,4234633,,1997-05-28,,hotmail.com,2018-03-03
500900,1604467831919374,John,Jackson,M,9247 Main St,Austin,TX,79699.0,30.28447,-97.713432,1332278,Software Engineer,1979-12-11,,hotmail.com,2021-11-03
500901,1658279981973505,Susan,Rodriguez,F,7493 Oak Ave,Columbus,OH,95254.0,39.936247,-82.986313,2776843,Software Engineer,1967-02-16,Silver,icloud.com,2018-10-23
500902,7238262963667979,Susan,Smith,F,9516 Maple Dr,San Diego,CA,10832.0,32.722875,-117.127817,5236888,Dentist,1997-05-06,Bronze,gmail.com,2017-07-11
500903,3331536527906246,Linda,Jackson,F,8822 Elm St,Philadelphia,PA,95670.0,39.993209,-75.213984,5586795,Sales Manager,1988-04-27,,outlook.com,2025-01-06
500904,6195857590986038,Robert,Miller,M,3477 Maple Dr,Boston,MA,33800.0,42.377502,-71.103716,851381,Teacher,2014-02-19,,icloud.com,2025-08-04
500905,2146828335277774,Sarah,Lopez,M,5465 Maple Dr,Seattle,WA,40160.0,47.611086,-122.353337,5526105,Sales Manager,1953-07-16,Silver,outlook.com,2016-10-30
500906,9433461344108670,Michael,Lopez,M,2349 Elm St,San Antonio,TX,26136.0,29.404778,-98.508304,7002418,Dentist,1974-04-27,Bronze,hotmail.com,2024-09-23
500907,4426487149906082,Mary,Anderson,F,6640 Oak Ave,Charlotte,NC,36952.0,35.239229,-80.859695,6472480,Dentist,2016-05-19,,gmail.com,2016-01-16
500908,6208897309437355,Thomas,Brown,M,3534 Main St,Chicago,IL,74108.0,41.90137,-87.639347,6217955,Lawyer,1995-06-17,Gold,hotmail.com,2017-02-21
500909,5565841433533950,Barbara,Thomas,F,8435 Main St,Houston,TX,69893.0,29.717235,-95.341424,140437,Teacher,1958-02-23,Platinum,hotmail.com,2019-06-28
500910,4246124920758637,Elizabeth,Williams,F,5026 Oak Ave,Seattle,WA,21069.0,47.584776,-122.338823,5461224,Dentist,1958-12-23,Platinum,gmail.com,2025-09-01
500911,9082439741725722,David,Johnson,M,4179 Oak Ave,Phoenix,AZ,84000.0,33.466944,-112.090754,82795,Mechanic,2015-06-17,,yahoo.com,2016-07-28
500912,1351198454827971,Mary,Martin,M,4901 Maple Dr,Charlotte,NC,90944.0,35.182759,-80.855708,3485235,Chef,1992-02-24,Platinum,yahoo.com,2016-12-16
500913,2363514528491973,Jennifer,Lopez,M,2760 Main St,Boston,MA,75215.0,42.404545,-71.044727,1716921,Financial Analyst,1996-07-11,Platinum,outlook.com,2025-03-12
500914,3891967360252480,James,Smith,F,566 Elm St,Seattle,WA,14485.0,47.623348,-122.318872,6170214,Mechanic,1973-10-16,Platinum,gmail.com,2021-01-18
500915,7507904521193777,Thomas,Garcia,M,1740 Main St,San Antonio,TX,55700.0,29.393999,-98.501767,7531164,Electrician,2018-05-29,Bronze,hotmail.com,2015-09-29
500916,9857397085149714,Susan,Moore,F,2302 Park Rd,Los Angeles,CA,93473.0,34.077294,-118.283563,11053,Financial Analyst,1992-09-04,Platinum,hotmail.com,2025-02-01
500917,3908213101043648,Sarah,Lopez,M,7928 Elm St,Boston,MA,84873.0,42.337885,-71.081268,1651575,Mechanic,1973-01-16,Silver,icloud.com,2016-06-15
500918,6937634341667821,John,Brown,F,4725 Park Rd,Denver,CO,23792.0,39.732402,-104.942263,2100296,Electrician,1962-10-17,Gold,yahoo.com,2023-03-10
500919,7399257869341001,Joseph,Jackson,F,2257 Maple Dr,Columbus,OH,65315.0,39.91795,-82.99693,3148804,Mechanic,1977-01-05,,gmail.com,2023-05-22
500920,1432510215579404,Michael,Garcia,M,2442 Main St,Boston,MA,41172.0,42.328036,-71.011832,1362991,Dentist,1984-07-17,Gold,gmail.com,2021-06-01
500921,4097594227126834,Michael,Jackson,F,7507 Oak Ave,San Diego,CA,69400.0,32.67703,-117.17074,5216947,Graphic Designer,1993-05-29,,hotmail.com,2016-04-27
500922,7922132886667892,Thomas,Hernandez,F,3152 Maple Dr,Charlotte,NC,54693.0,35.250888,-80.822645,6774510,Plumber,1975-01-22,,hotmail.com,2022-06-09
500923,4083841735548333,Thomas,Rodriguez,M,6087 Elm St,Los Angeles,CA,94186.0,34.044473,-118.259048,218187,Mechanic,2009-12-06,Bronze,yahoo.com,2025-12-07
500924,5958145122829747,Elizabeth,Jones,F,5130 Elm St,San Diego,CA,67168.0,32.705461,-117.184672,4646404,Software Engineer,1959-12-21,,yahoo.com,2019-06-17
500925,2276396397889034,Linda,Smith,M,5898 Park Rd,Seattle,WA,88765.0,47.576733,-122.333796,6547591,Mechanic,1995-11-02,,icloud.com,2020-11-20
500926,5858996843808921,Linda,Taylor,M,6235 Oak Ave,New York,NY,23125.0,40.689653,-74.027254,5712582,Chef,1997-10-31,,yahoo.com,2024-06-15
500927,2369556477110518,Sarah,Martin,F,3412 Maple Dr,Boston,MA,16411.0,42.375776,-71.012046,7964942,Dentist,2017-05-21,Gold,hotmail.com,2025-02-07
500928,5292346909585509,Joseph,Hernandez,M,5015 Main St,Dallas,TX,19813.0,32.787064,-96.839302,2113302,Financial Analyst,1987-10-17,Silver,icloud.com,2021-08-29
500929,4696333702744822,Robert,Jones,F,2725 Oak Ave,Los Angeles,CA,61280.0,34.009758,-118.198558,6601070,,1955-04-25,Platinum,hotmail.com,2021-08-19
500930,4156190365652568,John,Davis,F,2400 Elm St,Houston,TX,26183.0,29.740129,-95.410593,6094952,Mechanic,1972-04-20,Silver,hotmail.com,2016-08-06
500931,3949584942115867,James,Brown,F,8689 Main St,Columbus,OH,92384.0,39.971104,-82.986435,5025133,Plumber,1974-09-18,Silver,hotmail.com,2018-05-08
500932,7691552781925164,Karen,Anderson,M,1253 Maple Dr,Seattle,WA,45665.0,47.62105,-122.35536,7969881,Nurse,1961-03-15,Platinum,outlook.com,2016-04-07
500933,6269016168397236,Jennifer,Thomas,F,3780 Park Rd,Columbus,OH,23506.0,39.912711,-82.952298,748003,Lawyer,1991-11-09,Silver,hotmail.com,2024-05-20
500934,1510278285579737,Patricia,Rodriguez,F,4223 Park Rd,Charlotte,NC,53100.0,35.202189,-80.825497,3525240,Graphic Designer,1988-10-19,Gold,gmail.com,2015-02-22
500935,5373435515237710,Linda,Jackson,F,3727 Park Rd,Los Angeles,CA,66854.0,34.072863,-118.232699,5588696,,2013-12-22,Bronze,hotmail.com,2021-04-15
500936,6464016058442893,Thomas,Gonzalez,M,9957 Main St,Austin,TX,87377.0,30.248491,-97.76599,7036378,Accountant,2000-09-29,,gmail.com,2016-04-26
500937,6225275941381034,Karen,Wilson,F,753 Maple Dr,Denver,CO,94815.0,39.748967,-104.95369,6616366,Architect,1971-05-29,Platinum,icloud.com,2024-09-06
500938,4591107798679601,Susan,Smith,M,9388 Oak Ave,Dallas,TX,13164.0,32.821373,-96.836409,5294195,Police Officer,1953-05-06,Bronze,outlook.com,2025-04-29
500939,5112898173665530,William,Lopez,F,5873 Oak Ave,San Antonio,TX,46258.0,29.389583,-98.449126,3746377,Nurse,1952-07-18,Gold,hotmail.com,2022-11-03
500940,8148482444112653,Jennifer,Miller,F,6675 Maple Dr,Columbus,OH,32551.0,39.984854,-82.960501,7091023,Plumber,1973-08-11,Bronze,outlook.com,2018-12-11
500941,8252197190888352,Linda,Hernandez,F,1759 Main St,Austin,TX,93814.0,30.237463,-97.734341,3411322,Police Officer,1998-04-15,,hotmail.com,2022-03-04
500942,2820797194232820,William,Thomas,F,5621 Elm St,Chicago,IL,57377.0,41.898214,-87.611789,6336476,Chef,2017-11-16,Silver,outlook.com,2015-03-07
500943,3796983986416155,Thomas,Moore,F,9273 Park Rd,Los Angeles,CA,33318.0,34.043015,-118.292161,3343424,Software Engineer,1967-01-11,Silver,gmail.com,2016-01-06
500944,8898710778944034,Richard,Rodriguez,M,5673 Park Rd,Charlotte,NC,56373.0,35.235393,-80.86779,3333236,Mechanic,2003-08-25,Platinum,gmail.com,2024-06-23
500945,6135065533716566,John,Hernandez,M,7350 Main St,Charlotte,NC,42231.0,35.222125,-80.797342,4601849,Mechanic,1976-05-14,Gold,gmail.com,2020-07-18
500946,2972356284617725,Linda,Davis,F,3638 Oak Ave,Houston,TX,11627.0,29.750304,-95.33582,2494681,Electrician,2012-05-11,Bronze,icloud.com,2020-06-02
500947,6010905764879770,Sarah,Jackson,M,6855 Oak Ave,Seattle,WA,77970.0,47.575054,-122.314854,4877905,Dentist,1989-05-19,,hotmail.com,2023-05-17
500948,9844316042258646,Barbara,Rodriguez,F,6165 Maple Dr,Phoenix,AZ,40763.0,33.496101,-112.113811,2690652,Lawyer,2013-05-28,Bronze,yahoo.com,2018-08-10
500949,8165741676923043,Sarah,Jackson,M,1683 Park Rd,Seattle,WA,72355.0,47.557032,-122.338742,4495924,Police Officer,2013-01-07,Bronze,icloud.com,2017-07-22
500950,7324355310178080,Sarah,Davis,F,4509 Park Rd,Charlotte,NC,16973.0,35.186363,-80.818262,3865763,Architect,1981-04-02,Platinum,icloud.com,2019-11-22
500951,6043657500088115,Joseph,Moore,M,5795 Elm St,Los Angeles,CA,29382.0,34.093655,-118.250298,539998,,1965-05-16,Bronze,outlook.com,2021-05-22
500952,7427646310172866,Karen,Thomas,F,2284 Elm St,Phoenix,AZ,38207.0,33.424271,-112.08056,5556587,Architect,2015-04-17,Gold,icloud.com,2022-10-26
500953,3094751459169205,Charles,Taylor,F,2463 Park Rd,Columbus,OH,99302.0,39.983545,-83.047895,4928043,Police Officer,1977-05-02,Bronze,icloud.com,2015-08-05
500954,6291259513850672,Patricia,Williams,M,8779 Elm St,Charlotte,NC,31129.0,35.236045,-80.831771,6150127,Sales Manager,2017-09-08,Silver,icloud.com,2023-09-05
500955,2632447644239008,James,Thomas,M,5536 Main St,Denver,CO,22341.0,39.752969,-105.016098,7941857,,1966-02-02,,hotmail.com,2024-01-10
500956,5273083133739485,Robert,Hernandez,M,1670 Maple Dr,San Antonio,TX,56551.0,29.445505,-98.534461,1493230,Pharmacist,1984-03-17,Gold,hotmail.com,2016-01-07
500957,2806907350448178,Linda,Lopez,M,5665 Elm St,Chicago,IL,22324.0,41.848027,-87.592053,4399517,Graphic Designer,1973-05-16,Bronze,icloud.com,2015-09-07
500958,4361008114865812,Patricia,Garcia,M,8769 Main St,Dallas,TX,10610.0,32.800572,-96.845625,2746897,Dentist,1955-04-23,Gold,gmail.com,2023-12-21
500959,4376224671411013,John,Garcia,M,8262 Oak Ave,Boston,MA,80151.0,42.334938,-71.087459,1836852,Lawyer,2000-12-18,Bronze,yahoo.com,2021-09-22
500960,9029347630492691,Joseph,Garcia,M,7392 Main St,Philadelphia,PA,91537.0,39.929681,-75.190444,330262,Accountant,2001-06-30,Gold,outlook.com,2016-03-17
500961,6315203192310503,Thomas,Garcia,M,8253 Oak Ave,Philadelphia,PA,89102.0,39.908853,-75.169306,1307353,Police Officer,2011-04-12,Platinum,icloud.com,2024-04-29
500962,2048272427464247,Sarah,Williams,F,4134 Maple Dr,San Antonio,TX,28531.0,29.447373,-98.482927,2013663,Plumber,1990-03-09,Silver,hotmail.com,2015-06-20
500963,9848186322385989,Jessica,Jackson,M,8617 Main St,Philadelphia,PA,96967.0,39.969887,-75.207085,5497895,Police Officer,1955-04-05,,icloud.com,2021-06-13
500964,4550501380315538,Sarah,Miller,F,5348 Oak Ave,Charlotte,NC,68707.0,35.272249,-80.809251,6409891,Sales Manager,1997-09-21,Gold,hotmail.com,2019-07-14
500965,5417717815177278,James,Thomas,M,5367 Park Rd,San Antonio,TX,73452.0,29.454609,-98.461302,5119225,Dentist,1983-10-30,Gold,hotmail.com,2023-10-26
500966,7161395889861386,Mary,Taylor,M,3181 Main St,Denver,CO,50254.0,39.782471,-104.985875,7488414,Chef,1975-10-07,Gold,gmail.com,2020-12-28
500967,3728695659634406,Richard,Miller,F,8910 Main St,New York,NY,99674.0,40.682828,-73.994322,7334170,Pharmacist,1954-03-27,,icloud.com,2024-07-10
500968,7135104676974868,Mary,Miller,M,7591 Oak Ave,Chicago,IL,39041.0,41.902388,-87.606008,5981133,Police Officer,1995-08-23,Bronze,yahoo.com,2020-07-21
500969,6521565461685211,James,Johnson,F,3475 Main St,Houston,TX,48068.0,29.762545,-95.412954,44751,Electrician,2001-03-29,Gold,yahoo.com,2019-05-17
500970,9264858704099512,Richard,Johnson,M,2421 Park Rd,Seattle,WA,42266.0,47.593311,-122.290023,5220732,Graphic Designer,1970-06-28,Platinum,icloud.com,2022-12-18
500971,2845359798850130,William,Wilson,M,6913 Elm St,Seattle,WA,59431.0,47.614645,-122.328267,2337760,Sales Manager,2006-03-07,Platinum,outlook.com,2021-09-24
500972,4562064166072907,Mary,Anderson,M,3753 Main St,New York,NY,93571.0,40.689685,-74.019155,964492,Accountant,2006-03-18,Silver,hotmail.com,2015-09-30
500973,2507504862205153,William,Gonzalez,F,8886 Maple Dr,Chicago,IL,47316.0,41.917635,-87.613154,7181522,Graphic Designer,1998-03-04,Bronze,gmail.com,2019-06-06
500974,1779154098284273,Sarah,Thomas,M,2182 Park Rd,Seattle,WA,14678.0,47.634939,-122.336665,3938896,Plumber,1968-02-19,Bronze,gmail.com,2017-07-25
500975,1753071768074440,John,Davis,F,6176 Elm St,New York,NY,28711.0,40.725825,-74.031162,3712964,Nurse,1984-10-25,,yahoo.com,2023-08-14
500976,1394133334346385,Charles,Smith,M,5692 Maple Dr,Houston,TX,33006.0,29.780946,-95.37704,2941996,Architect,2015-01-13,Silver,gmail.com,2019-05-22
500977,3628352253026629,Thomas,Williams,M,3114 Oak Ave,San Antonio,TX,54025.0,29.418355,-98.478668,5524806,Architect,1963-09-26,Bronze,hotmail.com,2015-10-12
500978,5760814917936313,Elizabeth,Moore,M,2448 Park Rd,Seattle,WA,51622.0,47.649828,-122.375699,480744,Accountant,1972-01-19,Bronze,hotmail.com,2020-10-22
500979,7489530737339071,Jennifer,Hernandez,F,729 Oak Ave,Dallas,TX,23604.0,32.809174,-96.817762,5745463,Electrician,1951-07-27,Bronze,hotmail.com,2015-01-15
500980,4490536301202033,Charles,Brown,M,676 Park Rd,Austin,TX,81510.0,30.261592,-97.790909,625119,Teacher,1955-03-30,Platinum,icloud.com,2022-03-26
500981,6548877352805068,Richard,Anderson,M,8137 Park Rd,San Antonio,TX,42773.0,29.404205,-98.493337,2900296,Architect,1975-05-05,Platinum,yahoo.com,2020-02-04
500982,2300706037174614,Elizabeth,Garcia,F,4314 Oak Ave,Dallas,TX,58244.0,32.732318,-96.79789,6212616,Teacher,1982-04-23,Platinum,outlook.com,2016-08-12
500983,7401289739967102,Sarah,Davis,F,2148 Maple Dr,New York,NY,37276.0,40.755511,-74.045461,7906071,Dentist,1991-04-07,Platinum,hotmail.com,2020-03-01
500984,9578224122689217,Richard,Anderson,F,5634 Maple Dr,Charlotte,NC,97211.0,35.253544,-80.852133,3351073,Mechanic,1990-07-31,,yahoo.com,2017-10-04
500985,6119571772249669,Michael,Martin,F,7691 Park Rd,Houston,TX,63504.0,29.775917,-95.393776,3149189,Financial Analyst,2013-12-06,Silver,hotmail.com,2016-08-01
500986,6874834692559464,Joseph,Martinez,F,933 Oak Ave,San Diego,CA,38465.0,32.681649,-117.195054,2837691,Chef,1959-10-01,Platinum,icloud.com,2019-11-04
500987,7250719411311510,Michael,Gonzalez,M,4578 Park Rd,Chicago,IL,30428.0,41.835149,-87.661235,5384095,Dentist,1989-09-28,,yahoo.com,2016-09-09
500988,3213056926242809,Robert,Thomas,F,8793 Main St,San Antonio,TX,98629.0,29.440522,-98.455431,819236,Software Engineer,1978-05-24,Bronze,gmail.com,2015-02-05
500989,8679544682987508,John,Hernandez,F,3426 Oak Ave,Boston,MA,37919.0,42.391513,-71.040387,2585015,Software Engineer,1954-09-25,Gold,icloud.com,2025-03-13
500990,8460254703832560,Joseph,Thomas,F,2970 Maple Dr,Philadelphia,PA,49746.0,39.913643,-75.186281,856439,Chef,2002-05-06,Silver,yahoo.com,2019-08-28
500991,6569051778936386,Susan,Garcia,F,4707 Oak Ave,Los Angeles,CA,24858.0,34.033181,-118.268704,5573937,Mechanic,1997-10-03,Platinum,gmail.com,2023-06-23
500992,4431287513079575,Jessica,Gonzalez,F,2892 Main St,New York,NY,86831.0,40.714301,-74.002445,5777381,Lawyer,1962-03-02,Platinum,icloud.com,2021-05-31
500993,1178854867789440,Jessica,Jackson,F,5666 Main St,Chicago,IL,58492.0,41.863789,-87.644421,582891,Chef,1990-02-18,Silver,icloud.com,2018-05-14
500994,2346450414963663,Patricia,Miller,F,4889 Main St,Columbus,OH,56492.0,39.994056,-82.969871,5061758,Plumber,1985-04-25,Bronze,icloud.com,2024-12-28
500995,2522759144319866,Barbara,Rodriguez,M,8511 Maple Dr,Austin,TX,78214.0,30.24798,-97.701721,7590649,Teacher,1987-06-24,Platinum,outlook.com,2025-02-27
500996,3150956770748906,Elizabeth,Rodriguez,F,7193 Maple Dr,Chicago,IL,15302.0,41.923382,-87.647126,2293718,,1954-09-01,Bronze,outlook.com,2021-03-08
500997,9811283771950018,Karen,Smith,M,5059 Elm St,New York,NY,36167.0,40.698242,-74.005437,7592788,Plumber,1961-09-21,Platinum,hotmail.com,2015-05-28
500998,7276722201808848,Richard,Hernandez,F,8498 Elm St,Charlotte,NC,63371.0,35.271212,-80.805468,5938099,Police Officer,2010-04-12,Silver,outlook.com,2023-01-24
500999,5402990846975637,Elizabeth,Rodriguez,M,7470 Main St,Phoenix,AZ,97323.0,33.408657,-112.084727,7666665,Police Officer,1999-07-23,,gmail.com,2015-04-05
